"Country","Year","Dentists (per 10 000 population)","Dentists (number)","Dental Assistants and Therapists (number)","Dental Prosthetic Technicians (number)"
"Afghanistan","2016","0.035","120","",""
"Afghanistan","2015","0.036","123","",""
"Afghanistan","2014","0.034","111","",""
"Afghanistan","2008","0.14","382","",""
"Afghanistan","2007","0.117","311","",""
"Afghanistan","2006","0.13","337","",""
"Albania","2006","3.389","1035","",""
"Algeria","2007","3.096","10621","","389"
"Algeria","2005","2.71","9022","",""
"Algeria","2002","2.769","8861","15","677"
"Andorra","2015","8.205","64","",""
"Andorra","2003","6.011","44","",""
"Angola","2004","0.118","222","",""
"Angola","1997","0.001","2","",""
"Antigua and Barbuda","1997","1.673","13","",""
"Argentina","2004","9.19","35592","",""
"Argentina","2001","9.592","35944","",""
"Argentina","1998","7.974","28900","",""
"Argentina","1992","6.507","21900","",""
"Armenia","2014","3.916","1138","",""
"Armenia","2013","4.199","1215","",""
"Armenia","2012","4.476","1290","",""
"Armenia","2011","4.51","1297","",""
"Armenia","2010","4.369","1257","",""
"Australia","2016","5.888","14205","",""
"Australia","2015","5.813","13834","",""
"Australia","2014","5.716","13417","",""
"Australia","2013","5.637","13049","",""
"Australia","2012","5.813","13266","",""
"Australia","2011","5.804","13048","",""
"Australia","2010","5.187","11473","",""
"Australia","2009","6.67","14500","",""
"Australia","2006","14.399","29624","",""
"Australia","2001","4.256","8200","13096",""
"Australia","1996","12.762","23318","",""
"Austria","2017","5.734","5009","",""
"Austria","2016","5.686","4954","",""
"Austria","2015","5.653","4906","",""
"Austria","2014","5.668","4893","",""
"Austria","2013","5.658","4853","",""
"Austria","2012","5.632","4797","",""
"Austria","2011","5.606","4743","",""
"Austria","2010","5.571","4685","",""
"Azerbaijan","2014","2.737","2601","",""
"Azerbaijan","2013","2.613","2452","",""
"Azerbaijan","2012","2.656","2461","",""
"Azerbaijan","2011","2.625","2401","",""
"Azerbaijan","2010","2.731","2467","",""
"Bahamas","2017","2.58","102","",""
"Bahamas","2011","2.291","84","40","6"
"Bahamas","2008","2.266","79","31","5"
"Bahrain","2015","0.977","134","","82"
"Bahrain","2014","0.98","131","","208"
"Bahrain","2013","1.019","134","","196"
"Bahrain","2012","1.069","139","","191"
"Bahrain","2011","0.994","127","","181"
"Bahrain","2010","0.983","122","","172"
"Bahrain","2009","0.996","118","","159"
"Bahrain","2008","1.068","119","","154"
"Bahrain","2006","1.075","103","","150"
"Bahrain","2005","1.102","98","","145"
"Bahrain","2004","2.169","180","96","66"
"Bangladesh","2017","0.495","8155","",""
"Bangladesh","2016","0.43","7015","",""
"Bangladesh","2015","0.404","6520","",""
"Bangladesh","2014","0.399","6360","",""
"Bangladesh","2013","0.383","6034","",""
"Bangladesh","2012","0.309","4815","","2170"
"Bangladesh","2011","0.313","4815","","2170"
"Bangladesh","2010","0.285","4336","","1916"
"Bangladesh","2009","0.255","3841","","1682"
"Bangladesh","2008","0.227","3383","","1436"
"Bangladesh","2007","0.14","2059","","1103"
"Bangladesh","2005","0.163","2344","",""
"Bangladesh","2004","0.138","1948","","589"
"Bangladesh","2002","0.138","1886","",""
"Barbados","2017","3.08","88","",""
"Barbados","2005","3.029","83","11",""
"Barbados","2001","2.216","60","","2"
"Barbados","1995","1.887","50","11",""
"Belarus","2014","5.708","5414","",""
"Belarus","2013","5.482","5196","",""
"Belarus","2012","5.484","5194","",""
"Belarus","2011","5.411","5123","",""
"Belarus","2010","5.37","5087","",""
"Belgium","2016","7.464","8478","",""
"Belgium","2015","7.345","8291","",""
"Belgium","2014","7.227","8108","",""
"Belgium","2013","7.143","7965","",""
"Belgium","2012","7.1","7869","",""
"Belgium","2011","7.062","7777","",""
"Belgium","2010","7.016","7675","",""
"Belgium","2009","7.039","7645","",""
"Belgium","2008","7.196","7757","",""
"Belgium","2007","7.33","7841","",""
"Belgium","2006","7.407","7866","",""
"Belgium","2005","7.33","7731","",""
"Belize","2017","1.548","58","",""
"Belize","2010","0.373","12","",""
"Belize","2009","0.382","12","",""
"Belize","2000","1.294","32","",""
"Benin","2016","0.008","9","",""
"Benin","2008","0.043","37","",""
"Benin","2004","0.014","11","","1"
"Bhutan","2017","0.83","67","","44"
"Bhutan","2007","0.102","7","","58"
"Bhutan","2004","0.156","10","34","14"
"Bolivia (Plurinational State of)","2016","2.23","2428","",""
"Bolivia (Plurinational State of)","2011","1.121","1130","",""
"Bolivia (Plurinational State of)","2010","0.984","976","",""
"Bolivia (Plurinational State of)","2007","0.633","598","",""
"Bolivia (Plurinational State of)","2001","","","742",""
"Bosnia and Herzegovina","2014","2.314","825","",""
"Bosnia and Herzegovina","2013","2.244","809","",""
"Bosnia and Herzegovina","2012","2.398","875","",""
"Bosnia and Herzegovina","2011","2.19","808","",""
"Bosnia and Herzegovina","2010","2.141","797","",""
"Botswana","2016","0.404","91","",""
"Botswana","2012","0.263","55","",""
"Botswana","2011","0.268","55","",""
"Botswana","2010","0.273","55","",""
"Botswana","2009","0.278","55","90",""
"Botswana","2008","0.092","18","80",""
"Botswana","2007","0.167","32","",""
"Botswana","2004","0.208","38","",""
"Brazil","2017","12.368","258842","78892",""
"Brazil","2010","11.333","223021","16152",""
"Brazil","2009","11.873","231399","",""
"Brazil","2008","11.77","227141","",""
"Brazil","2007","11.508","219827","",""
"Brazil","2006","11.492","217217","",""
"Brazil","2005","11.123","207904","",""
"Brazil","2004","9.637","178025","",""
"Brazil","2003","9.368","170953","",""
"Brazil","2002","9.059","163192","",""
"Brazil","2001","8.688","154426","",""
"Brazil","2000","8.752","153412","","37036"
"Brazil","1999","8.419","145441","",""
"Brazil","1998","8.128","138311","",""
"Brazil","1997","6.131","102714","",""
"Brunei Darussalam","2015","2.251","94","89",""
"Brunei Darussalam","2014","","","266",""
"Brunei Darussalam","2012","2.352","94","72","8"
"Brunei Darussalam","2011","2.411","95","",""
"Brunei Darussalam","2010","2.213","86","",""
"Brunei Darussalam","2009","1.876","72","",""
"Brunei Darussalam","2008","2.162","82","",""
"Brunei Darussalam","2007","2.161","81","",""
"Brunei Darussalam","2006","2.025","75","",""
"Brunei Darussalam","2005","1.999","73","",""
"Brunei Darussalam","2004","1.892","68","",""
"Brunei Darussalam","2002","2.018","70","",""
"Brunei Darussalam","2000","1.441","48","",""
"Bulgaria","2014","9.767","7054","",""
"Bulgaria","2013","10.037","7293","",""
"Bulgaria","2012","9.233","6750","",""
"Bulgaria","2011","9.083","6682","",""
"Bulgaria","2010","8.628","6389","",""
"Burkina Faso","2012","0.023","38","",""
"Burkina Faso","2010","0.021","32","",""
"Burkina Faso","2004","0.045","58","",""
"Burundi","2010","0.002","2","",""
"Burundi","2004","0.019","14","",""
"Cabo Verde","2016","0.072","4","",""
"Cabo Verde","2011","0.059","3","",""
"Cabo Verde","2010","0.08","4","",""
"Cabo Verde","2009","0.06","3","",""
"Cabo Verde","2008","0.061","3","",""
"Cabo Verde","2007","0.062","3","",""
"Cabo Verde","2006","0.062","3","",""
"Cambodia","2014","0.165","252","125",""
"Cambodia","2013","0.159","239","58",""
"Cambodia","2012","0.151","223","61",""
"Cambodia","2011","0.201","292","",""
"Cambodia","2010","0.169","242","",""
"Cambodia","2009","0.174","245","",""
"Cambodia","2008","0.186","258","",""
"Cambodia","2000","0.172","209","",""
"Cambodia","1998","0.059","68","143",""
"Cambodia","1996","0.058","64","125",""
"Cameroon","2016","0.038","88","",""
"Cameroon","2011","0.028","58","",""
"Cameroon","2010","0.029","58","",""
"Cameroon","2009","0.016","32","",""
"Cameroon","2007","0.021","39","",""
"Cameroon","2005","0.015","26","",""
"Canada","2016","6.354","23060","",""
"Canada","2015","6.246","22454","",""
"Canada","2014","6.159","21928","",""
"Canada","2013","6.107","21529","",""
"Canada","2012","6.044","21093","",""
"Canada","2008","5.817","19433","22365",""
"Canada","2006","5.797","18925","19385",""
"Canada","2004","5.722","18281","17553",""
"Canada","2002","5.736","17967","16128",""
"Canada","2001","5.683","17631","15553",""
"Canada","1998","5.463","16486","14213",""
"Central African Republic","2009","0.009","4","","8"
"Central African Republic","2008","0.012","5","","8"
"Central African Republic","2004","0.015","6","","7"
"Chad","2004","0.007","7","","8"
"Chile","2016","1.6","2865","",""
"Chile","2009","0.009","15","",""
"Chile","2008","0.008","14","",""
"Chile","2007","0.008","14","",""
"Chile","2006","0.009","14","",""
"Chile","2005","0.007","12","",""
"Chile","2004","0.008","12","",""
"Chile","2003","0.008","13","",""
"Chile","2002","0.006","9","",""
"Chile","1992","","","4390",""
"China","2011","0.865","119000","",""
"China","2005","0.384","51012","",""
"Colombia","2015","9.6","46299","",""
"Colombia","2010","9.769","44858","",""
"Colombia","2009","9.54","43325","",""
"Colombia","2008","9.311","41809","",""
"Colombia","2007","9.084","40311","",""
"Colombia","2006","8.859","38832","",""
"Colombia","2005","8.634","37371","",""
"Colombia","2004","8.409","35928","",""
"Colombia","2003","8.186","34504","",""
"Colombia","2002","8.167","33951","",""
"Colombia","2001","7.737","31712","",""
"Colombia","2000","7.51","30344","",""
"Colombia","1999","7.256","28892","",""
"Colombia","1998","7.015","27523","",""
"Colombia","1997","6.758","26115","",""
"Colombia","1996","6.435","24486","",""
"Colombia","1995","6.14","22991","",""
"Colombia","1994","5.876","21637","",""
"Colombia","1993","5.693","20606","",""
"Colombia","1992","5.482","19492","",""
"Colombia","1991","5.21","18192","",""
"Colombia","1990","4.901","16795","",""
"Colombia","1989","","15655","",""
"Colombia","1988","","14188","",""
"Colombia","1987","","12773","",""
"Colombia","1986","","11628","",""
"Colombia","1985","","10575","",""
"Colombia","1984","","9635","",""
"Colombia","1966","","2300","",""
"Comoros","2012","0.249","18","",""
"Comoros","2009","0.312","21","",""
"Comoros","2005","0.278","17","",""
"Comoros","2004","0.285","17","3","9"
"Congo","2011","0.295","133","",""
"Congo","2004","","","","2"
"Congo","1998","0.328","100","",""
"Cook Islands","2014","12.5","22","",""
"Cook Islands","2009","2.116","4","","15"
"Cook Islands","2004","5.128","10","",""
"Cook Islands","2001","5.464","10","",""
"Costa Rica","2017","0.1","49","",""
"Costa Rica","2013","1.273","599","",""
"Costa Rica","2000","3.737","1467","438",""
"C么te d'Ivoire","2014","0.217","490","120","190"
"C么te d'Ivoire","2008","0.141","274","",""
"C么te d'Ivoire","2005","0.111","204","",""
"C么te d'Ivoire","2004","0.188","339","",""
"Croatia","2015","8.532","3614","",""
"Croatia","2014","7.814","3327","",""
"Croatia","2013","7.539","3225","",""
"Croatia","2012","7.501","3223","",""
"Croatia","2011","7.331","3162","",""
"Croatia","2010","7.296","3158","",""
"Cuba","2017","16.6","19064","",""
"Cuba","2014","14.537","16630","","4402"
"Cuba","2013","13.362","15249","","4459"
"Cuba","2012","12.298","13998","","5216"
"Cuba","2011","11.267","12793","",""
"Cuba","2010","10.716","12144","",""
"Cuba","2009","10.224","11572","",""
"Cuba","2008","9.933","11234","",""
"Cuba","2007","9.631","10887","",""
"Cuba","2006","9.517","10751","",""
"Cuba","2005","9.353","10554","",""
"Cuba","2004","9.277","10452","",""
"Cuba","2003","9.041","10167","",""
"Cuba","2002","8.874","9955","",""
"Cuba","2001","8.829","9877","",""
"Cuba","2000","8.894","9917","",""
"Cuba","1999","8.927","9918","",""
"Cuba","1998","8.923","9873","",""
"Cuba","1997","8.912","9816","",""
"Cuba","1996","8.758","9600","",""
"Cuba","1995","8.388","9148","",""
"Cuba","1994","8.141","8834","",""
"Cuba","1993","7.903","8531","",""
"Cuba","1992","7.506","8057","",""
"Cuba","1991","7.047","7515","",""
"Cuba","1990","6.576","6959","",""
"Cuba","1985","","5335","",""
"Cuba","1980","","3646","",""
"Cuba","1975","","2319","",""
"Cyprus","2014","7.281","839","",""
"Cyprus","2013","7.247","829","",""
"Cyprus","2012","7.189","816","",""
"Cyprus","2011","6.961","783","",""
"Cyprus","2010","6.939","772","",""
"Cyprus","2009","6.894","757","",""
"Cyprus","2008","6.869","743","37","12"
"Cyprus","2007","6.797","723","",""
"Cyprus","1995","6.348","543","",""
"Cyprus","1990","5.583","428","",""
"Cyprus","1985","","301","",""
"Cyprus","1980","","182","",""
"Cyprus","1976","","161","",""
"Cyprus","1970","","176","",""
"Cyprus","1965","","173","",""
"Cyprus","1960","","143","",""
"Czechia","2016","7.497","7955","",""
"Czechia","2015","7.979","8461","",""
"Czechia","2014","7.46","7906","",""
"Czechia","2013","7.009","7426","",""
"Czechia","2012","7.047","7461","",""
"Czechia","2011","7.029","7429","",""
"Czechia","2010","6.893","7263","",""
"Democratic People's Republic of Korea","2017","2.195","5595","",""
"Democratic People's Republic of Korea","2012","1.857","4615","",""
"Democratic People's Republic of Korea","2008","1.773","4314","",""
"Democratic People's Republic of Korea","2003","1.68","3955","","4360"
"Democratic Republic of the Congo","2009","0.007","45","","34"
"Denmark","2015","7.392","4205","",""
"Denmark","2014","7.493","4244","",""
"Denmark","2013","7.618","4295","",""
"Denmark","2012","7.805","4379","",""
"Denmark","2011","7.887","4403","",""
"Denmark","2010","8.074","4485","",""
"Denmark","2009","8.031","4438","",""
"Denmark","2008","8.398","4617","",""
"Denmark","2005","8.547","4634","",""
"Denmark","2004","8.544","4616","",""
"Denmark","2003","8.498","4578","",""
"Denmark","2001","9.022","4834","",""
"Denmark","1997","8.771","4629","",""
"Denmark","1994","8.787","4579","",""
"Djibouti","2014","0.208","19","",""
"Djibouti","2004","0.13","10","",""
"Djibouti","1999","0.086","6","",""
"Dominica","2017","0.677","5","",""
"Dominica","1997","0.565","4","",""
"Dominican Republic","2017","2.1","2261","",""
"Dominican Republic","2011","1.905","1910","",""
"Dominican Republic","2009","1.827","1785","",""
"Dominican Republic","2008","1.25","1205","",""
"Dominican Republic","2000","8.175","7000","",""
"Ecuador","2016","3.2","5243","",""
"Ecuador","2015","5.305","8564","2379",""
"Ecuador","2011","2.756","4183","",""
"Ecuador","2009","2.289","3363","",""
"Ecuador","2003","1.665","2213","",""
"Ecuador","2002","1.706","2230","",""
"Ecuador","2001","1.648","2118","",""
"Ecuador","2000","1.633","2062","",""
"Ecuador","1999","1.611","1997","",""
"Ecuador","1998","1.555","1892","",""
"Ecuador","1997","1.588","1894","",""
"Ecuador","1996","1.553","1815","",""
"Ecuador","1995","1.531","1751","",""
"Ecuador","1994","1.564","1751","",""
"Ecuador","1993","1.408","1542","",""
"Ecuador","1992","1.706","1826","",""
"Ecuador","1991","1.584","1657","",""
"Ecuador","1990","1.485","1517","",""
"Ecuador","1989","","1459","",""
"Ecuador","1988","","1386","",""
"Ecuador","1987","","1269","",""
"Ecuador","1986","","1152","",""
"Ecuador","1985","","1171","",""
"Ecuador","1984","","1152","",""
"Ecuador","1983","","1146","",""
"Ecuador","1982","","1129","",""
"Ecuador","1981","","992","",""
"Egypt","2017","1.959","19111","","2359"
"Egypt","2016","1.834","17552","","2252"
"Egypt","2015","1.8","16880","",""
"Egypt","2014","1.607","14753","",""
"Egypt","2004","1.087","8193","","1724"
"El Salvador","2016","","","1011",""
"El Salvador","2008","7.641","4669","",""
"El Salvador","2005","7.058","4255","",""
"El Salvador","2002","5.833","3465","",""
"El Salvador","1999","5.085","2962","",""
"Equatorial Guinea","2004","0.069","5","7","3"
"Eritrea","2004","0.041","16","",""
"Estonia","2016","9.577","1257","",""
"Estonia","2015","9.42","1239","",""
"Estonia","2014","9.276","1223","",""
"Estonia","2013","9.004","1190","",""
"Estonia","2012","9.027","1196","",""
"Estonia","2011","8.875","1179","",""
"Estonia","2010","8.993","1198","",""
"Estonia","2000","6.497","909","838",""
"Eswatini","2011","0.375","46","",""
"Eswatini","2009","0.11","13","30","16"
"Eswatini","2004","0.155","17","12","3"
"Eswatini","2000","0.028","3","17",""
"Ethiopia","2003","0.008","60","","33"
"Fiji","2015","0.717","64","","177"
"Fiji","2009","2.007","171","",""
"Fiji","2003","0.735","60","",""
"Fiji","1999","0.397","32","",""
"Finland","2014","7.189","3925","",""
"Finland","2013","7.262","3948","",""
"Finland","2012","7.406","4009","",""
"Finland","2011","7.777","4191","",""
"Finland","2010","7.891","4234","",""
"Finland","2009","7.513","4014","",""
"Finland","2002","8.935","4658","1151","865"
"France","2016","6.648","43026","",""
"France","2015","6.609","42602","",""
"France","2014","6.587","42281","",""
"France","2013","6.584","42084","",""
"France","2012","6.559","41740","",""
"France","2011","6.553","41507","",""
"France","2008","6.646","41422","",""
"France","2007","6.689","41444","",""
"France","2003","6.713","40648","",""
"France","2002","6.722","40481","",""
"France","2001","6.748","40426","",""
"France","2000","6.801","40539","",""
"France","1999","6.758","40088","",""
"France","1998","6.684","39457","",""
"France","1997","6.717","39471","",""
"France","1996","6.763","39565","",""
"France","1995","6.819","39714","",""
"France","1994","6.774","39284","",""
"France","1993","6.731","38868","",""
"France","1992","6.687","38451","",""
"France","1991","6.664","38146","",""
"Gabon","2016","0.045","9","","33"
"Gabon","2004","0.103","14","","52"
"Gambia","2015","0.086","17","","3"
"Gambia","2008","0.076","12","24","11"
"Gambia","2007","0.071","11","24","11"
"Gambia","2006","0.067","10","",""
"Gambia","2005","0.069","10","",""
"Gambia","2003","0.052","7","","36"
"Georgia","2015","6.248","2469","",""
"Georgia","2014","5.39","2152","",""
"Georgia","2013","4.983","2016","",""
"Georgia","2012","4.891","2009","",""
"Georgia","2011","4.179","1743","",""
"Georgia","2010","2.97","1257","",""
"Germany","2016","8.583","70305","",""
"Germany","2015","8.55","69863","",""
"Germany","2014","8.478","69089","",""
"Germany","2013","8.409","68336","",""
"Germany","2012","8.346","67654","",""
"Germany","2011","8.275","66974","",""
"Germany","2010","8.212","66427","",""
"Ghana","2008","0.019","45","88","15"
"Ghana","2007","0.014","31","","13"
"Ghana","2004","0.05","104","154","135"
"Greece","2014","12.203","13746","",""
"Greece","2013","12.287","13911","",""
"Greece","2012","12.487","14208","",""
"Greece","2011","12.71","14518","1210",""
"Greece","2010","12.809","14661","",""
"Grenada","2017","1.577","17","",""
"Grenada","2006","1.839","19","",""
"Grenada","2003","0.879","9","","4"
"Grenada","2002","0.881","9","","4"
"Grenada","2001","0.884","9","","4"
"Grenada","2000","0.886","9","","5"
"Grenada","1999","0.888","9","","5"
"Grenada","1997","0.692","7","",""
"Guatemala","2018","0.104","180","",""
"Guatemala","2007","1.734","2376","",""
"Guatemala","1999","1.797","2046","",""
"Guinea","2005","0.018","17","","16"
"Guinea","2004","0.023","22","","38"
"Guinea","2000","0.02","18","","20"
"Guinea-Bissau","2009","0.046","7","","6"
"Guinea-Bissau","2008","0.014","2","1","3"
"Guinea-Bissau","2004","0.022","3","13","6"
"Guyana","2018","0.358","28","55",""
"Guyana","2009","0.389","29","6","29"
"Guyana","2000","0.398","30","",""
"Haiti","2018","0.213","237","16","2"
"Haiti","2011","0.049","50","",""
"Haiti","1998","0.114","94","",""
"Honduras","2017","0.332","308","",""
"Honduras","2016","2.673","2436","",""
"Honduras","2008","0.3","236","",""
"Honduras","2000","1.749","1141","","230"
"Hungary","2016","6.237","6083","",""
"Hungary","2015","6.067","5936","",""
"Hungary","2014","6.321","6203","",""
"Hungary","2013","6.059","5963","",""
"Hungary","2012","5.683","5609","",""
"Hungary","2011","5.29","5236","",""
"Hungary","2010","5.295","5257","",""
"Iceland","2017","8.328","279","",""
"Iceland","2016","8.361","278","",""
"Iceland","2015","8.419","278","",""
"Iceland","2014","8.341","274","",""
"Iceland","2013","8.318","272","",""
"Iceland","2012","8.295","270","",""
"Iceland","2011","8.751","283","",""
"Iceland","2010","9.335","299","",""
"Iceland","2009","9.301","294","14",""
"Iceland","2008","9.682","301","18",""
"Iceland","2007","9.633","294","19",""
"Iceland","2006","9.543","286","19",""
"Iceland","2005","9.797","289","25",""
"Iceland","2004","9.859","287","",""
"Iceland","2003","10","288","",""
"Iceland","2002","10.095","288","",""
"Iceland","2001","10.074","285","",""
"India","2017","1.876","251207","3097","2388"
"India","2016","1.493","197734","",""
"India","2014","1.194","154436","",""
"India","2012","0.957","120897","",""
"India","2011","0.945","117825","",""
"India","2009","0.861","104603","",""
"India","2008","0.78","93332","",""
"India","2007","0.619","73057","",""
"India","2006","0.672","78096","",""
"India","2005","0.484","55344","",""
"India","2004","0.489","55058","12518",""
"India","2003","0.427","47318","",""
"India","2002","0.433","47165","",""
"India","2001","0.441","47204","",""
"India","2000","0.371","39105","",""
"India","1991","0.147","13016","6366",""
"Indonesia","2017","0.548","14455","",""
"Indonesia","2015","0.493","12740","",""
"Indonesia","2012","0.425","10566","13581",""
"Indonesia","2010","0.36","8731","","9723"
"Indonesia","2009","0.227","5442","","7231"
"Indonesia","2003","0.239","5267","1629","197"
"Indonesia","1992","","","","3778"
"Iran (Islamic Republic of)","2015","3.3","26188","",""
"Iran (Islamic Republic of)","2014","3.543","27783","",""
"Iran (Islamic Republic of)","2006","1.337","9522","4743",""
"Iran (Islamic Republic of)","2005","1.876","13210","",""
"Iran (Islamic Republic of)","2004","1.53","10648","","2487"
"Iraq","2017","2.488","9524","540","554"
"Iraq","2016","2.4","8928","",""
"Iraq","2014","2.254","7891","",""
"Iraq","2010","1.56","4799","",""
"Ireland","2015","6.017","2828","",""
"Ireland","2014","5.885","2758","",""
"Ireland","2013","5.658","2649","",""
"Ireland","2012","5.688","2661","",""
"Ireland","2011","5.72","2667","",""
"Ireland","2010","5.881","2721","",""
"Ireland","2006","4.392","1890","",""
"Israel","2016","7.975","6533","",""
"Israel","2015","8.225","6633","",""
"Israel","2014","7.933","6300","",""
"Israel","2013","6.904","5400","",""
"Israel","2012","6.971","5367","",""
"Israel","2011","7.752","5867","",""
"Israel","2010","8.574","6367","",""
"Israel","1995","13.604","7256","483","2750"
"Italy","2017","8.316","49363","",""
"Italy","2016","8.171","48559","",""
"Italy","2015","8","47604","",""
"Italy","2014","7.99","47610","",""
"Italy","2013","6.803","40591","",""
"Italy","2012","6.615","39511","",""
"Italy","2011","5.887","35183","",""
"Italy","2010","5.696","34023","",""
"Jamaica","2017","0.9","260","",""
"Jamaica","2016","0.156","45","140","1"
"Jamaica","2015","0.129","37","121","2"
"Jamaica","2014","0.126","36","124","2"
"Jamaica","2013","0.123","35","124","2"
"Jamaica","2012","0.123","35","113","2"
"Jamaica","2008","0.165","46","195","3"
"Jamaica","2003","0.782","212","",""
"Japan","2016","7.952","101584","",""
"Japan","2014","7.88","100994","",""
"Japan","2012","7.762","99686","",""
"Japan","2010","7.681","98739","",""
"Japan","2008","7.734","99426","",""
"Japan","2006","7.568","97198","",""
"Japan","2004","7.425","95197","",""
"Japan","2002","7.261","92874","",""
"Japan","2000","7.124","90857","",""
"Japan","1998","6.927","88061","",""
"Japan","1996","6.752","85518","",""
"Japan","1994","6.43","81055","",""
"Japan","1992","6.176","77416","",""
"Japan","1990","5.945","74028","",""
"Japan","1988","","70572","",""
"Japan","1986","","66797","",""
"Japan","1984","","63145","",""
"Japan","1982","","58362","",""
"Japan","1980","","53602","",""
"Jordan","2017","7.325","7107","",""
"Jordan","2016","7.099","6713","",""
"Jordan","2015","7.431","6806","",""
"Jordan","2014","7.811","6881","",""
"Jordan","2013","8.087","6804","",""
"Jordan","2010","7.924","5691","",""
"Jordan","2009","6.426","4383","",""
"Jordan","2008","7.849","5094","",""
"Jordan","2007","7.897","4891","",""
"Jordan","2006","7.747","4597","",""
"Jordan","2005","7.34","4194","",""
"Jordan","2004","7.177","3973","700","2597"
"Jordan","2003","6.433","3472","",""
"Jordan","2002","4.505","2382","",""
"Jordan","2001","5.524","2869","",""
"Jordan","2000","5.653","2885","",""
"Jordan","1999","5.404","2710","",""
"Jordan","1998","5.075","2501","",""
"Kazakhstan","2014","3.677","6430","",""
"Kazakhstan","2013","3.723","6406","",""
"Kazakhstan","2012","4.09","6920","",""
"Kazakhstan","2011","3.924","6532","",""
"Kazakhstan","2010","4.059","6657","",""
"Kenya","2014","0.237","1090","",""
"Kenya","2013","0.233","1045","",""
"Kenya","2012","0.226","985","",""
"Kenya","2011","0.219","930","",""
"Kenya","2010","0.217","898","",""
"Kenya","2009","0.25","1004","",""
"Kenya","2008","0.249","974","",""
"Kenya","2002","0.225","746","","594"
"Kiribati","2016","0.736","8","",""
"Kiribati","2013","0.645","7","","20"
"Kiribati","2011","0.287","3","",""
"Kiribati","2010","0.39","4","",""
"Kiribati","2008","1.829","18","",""
"Kiribati","2004","0.331","3","",""
"Kiribati","1998","0.49","4","",""
"Kuwait","2015","6.573","2587","",""
"Kuwait","2014","5.999","2269","",""
"Kuwait","2013","6.108","2198","",""
"Kuwait","2012","6.037","2050","",""
"Kuwait","2011","5.754","1836","",""
"Kuwait","2010","5.45","1634","",""
"Kuwait","2009","3.739","1054","",""
"Kuwait","2008","3.623","961","",""
"Kuwait","2007","3.395","850","",""
"Kuwait","2006","3.121","742","",""
"Kuwait","2001","3.19","673","",""
"Kyrgyzstan","2014","1.671","965","",""
"Kyrgyzstan","2013","1.726","981","",""
"Kyrgyzstan","2012","1.739","973","",""
"Kyrgyzstan","2011","1.734","955","",""
"Kyrgyzstan","2010","1.885","1022","",""
"Lao People's Democratic Republic","2014","0.519","341","",""
"Lao People's Democratic Republic","2012","0.5","321","",""
"Lao People's Democratic Republic","2009","0.371","228","96",""
"Latvia","2016","7.161","1411","",""
"Latvia","2015","7.121","1419","",""
"Latvia","2014","6.944","1400","",""
"Latvia","2013","7.149","1459","",""
"Latvia","2012","6.993","1445","",""
"Latvia","2011","6.958","1456","",""
"Latvia","2010","7.023","1488","",""
"Latvia","2009","6.796","1458","",""
"Latvia","2008","6.787","1474","",""
"Latvia","2007","7.059","1552","",""
"Latvia","2006","7.015","1561","",""
"Latvia","2005","6.439","1450","",""
"Latvia","2004","6.099","1390","",""
"Latvia","2003","5.582","1287","",""
"Latvia","2002","5.436","1268","",""
"Latvia","2001","5.278","1245","",""
"Latvia","2000","5.361","1278","",""
"Latvia","1999","4.834","1164","",""
"Latvia","1998","4.378","1064","",""
"Latvia","1997","4.529","1111","",""
"Latvia","1996","4.781","1185","",""
"Latvia","1995","3.711","931","",""
"Latvia","1994","3.692","939","",""
"Latvia","1993","3.934","1016","",""
"Latvia","1992","4.481","1174","",""
"Latvia","1991","5.092","1349","",""
"Latvia","1990","5.164","1376","",""
"Lebanon","2017","11.06","6727","",""
"Lebanon","2016","10.979","6595","",""
"Lebanon","2015","9.445","5527","",""
"Lebanon","2014","9.76","5469","",""
"Lebanon","2013","9.988","5270","",""
"Lebanon","2011","13.645","6261","",""
"Lebanon","2010","12.439","5395","",""
"Lebanon","2009","11.867","4964","",""
"Lebanon","2007","10.278","4200","",""
"Lebanon","2006","10.001","4058","",""
"Lebanon","2001","12.747","4283","",""
"Lesotho","2003","0.016","3","9","4"
"Liberia","2010","0.058","23","",""
"Liberia","2008","0.011","4","",""
"Liberia","2004","0.009","3","7","3"
"Libya","2017","9.061","5776","",""
"Libya","2015","7.999","4987","",""
"Libya","2014","7.387","4583","",""
"Libya","2009","6.195","3792","",""
"Libya","2008","3.38","2046","",""
"Libya","2004","1.49","850","",""
"Libya","1997","1.354","693","",""
"Lithuania","2016","9.583","2787","",""
"Lithuania","2015","9.018","2644","",""
"Lithuania","2014","9.011","2669","",""
"Lithuania","2013","8.935","2678","",""
"Lithuania","2012","8.84","2685","",""
"Lithuania","2011","8.072","2486","",""
"Lithuania","2010","7.862","2456","",""
"Lithuania","1999","6.534","2306","",""
"Lithuania","1998","6.354","2259","",""
"Lithuania","1997","6.014","2153","",""
"Lithuania","1996","4.742","1709","",""
"Lithuania","1995","4.803","1742","",""
"Luxembourg","2017","9.957","581","",""
"Luxembourg","2016","9.554","550","",""
"Luxembourg","2015","8.929","506","",""
"Luxembourg","2014","8.557","476","",""
"Luxembourg","2013","8.665","472","",""
"Luxembourg","2012","8.283","441","",""
"Luxembourg","2011","8.386","436","",""
"Luxembourg","2010","8.309","422","",""
"Madagascar","2012","0.081","181","",""
"Madagascar","2011","0.083","180","",""
"Madagascar","2010","0.092","195","",""
"Madagascar","2009","0.087","178","",""
"Madagascar","2008","0.105","209","",""
"Madagascar","2007","0.1","194","",""
"Madagascar","2006","0.104","196","",""
"Madagascar","2005","0.107","197","",""
"Madagascar","2004","0.09","161","",""
"Madagascar","2003","0.092","159","",""
"Madagascar","2002","0.071","119","",""
"Malawi","2009","","","180",""
"Malawi","2008","","","211",""
"Malaysia","2015","3.449","10596","2816","1882"
"Malaysia","2012","1.563","4558","",""
"Malaysia","2011","1.485","4253","",""
"Malaysia","2010","1.355","3810","5436","749"
"Malaysia","2008","1.343","3640","",""
"Malaysia","2002","0.893","2160","",""
"Malaysia","2000","0.925","2144","",""
"Maldives","2016","0.234","10","12",""
"Maldives","2015","1.482","62","",""
"Maldives","2014","","","","40"
"Maldives","2010","0.878","32","",""
"Maldives","2009","1.269","45","",""
"Maldives","2004","0.322","10","","4"
"Mali","2010","0.023","35","2","66"
"Mali","2009","0.027","39","1","79"
"Mali","2004","0.036","44","","40"
"Malta","2015","4.818","206","",""
"Malta","2014","4.723","201","",""
"Malta","2013","4.655","197","",""
"Malta","2012","4.515","190","",""
"Malta","2011","4.446","186","",""
"Malta","2010","4.422","184","",""
"Marshall Islands","2012","0.759","4","","22"
"Marshall Islands","2010","0.763","4","",""
"Marshall Islands","2007","1.152","6","","7"
"Mauritania","2009","0.2","70","8","15"
"Mauritania","2004","0.154","47","","17"
"Mauritius","2015","3.017","380","",""
"Mauritius","2014","2.911","366","",""
"Mauritius","2013","2.796","351","",""
"Mauritius","2012","2.401","301","",""
"Mauritius","2011","2.142","268","230","36"
"Mauritius","2010","2.083","260","",""
"Mauritius","2009","2.01","250","",""
"Mauritius","2008","1.896","235","",""
"Mauritius","2007","1.848","228","",""
"Mauritius","2004","1.374","167","66",""
"Mexico","2016","1","12754","",""
"Mexico","2015","1.264","15915","",""
"Mexico","2014","1.239","15391","",""
"Mexico","2013","1.183","14494","",""
"Mexico","2012","1.132","13677","",""
"Mexico","2011","1.129","13451","",""
"Mexico","2010","1.127","13225","12543",""
"Mexico","2000","5.867","59683","","18598"
"Micronesia (Federated States of)","2008","1.34","14","","26"
"Micronesia (Federated States of)","2005","1.224","13","",""
"Micronesia (Federated States of)","2003","0.936","10","",""
"Micronesia (Federated States of)","2000","1.304","14","",""
"Monaco","2014","9.974","38","",""
"Monaco","2013","10","38","",""
"Monaco","2012","9.788","37","",""
"Monaco","2011","10.133","38","",""
"Mongolia","2016","2.362","715","",""
"Mongolia","2012","2.829","796","",""
"Mongolia","2011","2.361","652","",""
"Mongolia","2010","1.965","533","",""
"Mongolia","2009","1.979","528","",""
"Mongolia","2008","1.952","513","",""
"Mongolia","2002","1.289","315","22",""
"Montenegro","2015","0.398","25","",""
"Montenegro","2014","0.398","25","",""
"Montenegro","2013","0.399","25","",""
"Montenegro","2012","0.399","25","",""
"Montenegro","2011","0.384","24","",""
"Montenegro","2010","0.416","26","",""
"Morocco","2017","1.358","4855","",""
"Morocco","2015","1.4","4872","",""
"Morocco","2014","1.356","4655","",""
"Morocco","2009","0.834","2668","",""
"Morocco","2004","1.024","3091","",""
"Mozambique","2017","0.075","223","324",""
"Mozambique","2013","0.051","136","238","44"
"Mozambique","2012","0.027","69","305","33"
"Mozambique","2011","0.03","75","252","42"
"Mozambique","2010","0.025","60","222","166"
"Mozambique","2009","0.023","53","211","25"
"Mozambique","2004","0.008","16","","143"
"Myanmar","2017","0.806","4301","",""
"Myanmar","2016","1.816","9603","",""
"Myanmar","2015","0.624","3270","",""
"Myanmar","2012","0.591","3011","344",""
"Myanmar","2011","0.548","2770","316",""
"Myanmar","2010","0.511","2562","287",""
"Myanmar","2009","0.463","2308","262",""
"Myanmar","2008","0.466","2305","244",""
"Myanmar","2007","0.38","1867","177",""
"Myanmar","2006","0.355","1732","165",""
"Myanmar","2005","0.329","1594","162",""
"Myanmar","2004","0.276","1329","","67"
"Myanmar","1988","","857","96",""
"Namibia","2007","0.433","90","",""
"Namibia","2004","0.408","82","25","6"
"Nauru","2015","1.77","2","5",""
"Nauru","2011","0.98","1","","5"
"Nauru","2009","1.01","1","","2"
"Nauru","2008","1.01","1","",""
"Nauru","2004","0.99","1","",""
"Nepal","2017","2.074","6079","",""
"Nepal","2004","0.097","245","114",""
"Netherlands","2015","5.054","8561","",""
"Netherlands","2014","5.181","8750","",""
"Netherlands","2013","5.228","8803","",""
"Netherlands","2012","5.239","8795","",""
"Netherlands","2011","5.099","8534","",""
"Netherlands","2010","5.002","8345","",""
"New Zealand","2016","6.78","3160","",""
"New Zealand","2012","5.961","2663","",""
"New Zealand","2010","5.831","2548","",""
"New Zealand","2007","4.434","1877","",""
"New Zealand","2002","4.088","1620","",""
"New Zealand","2001","3.662","1431","774","381"
"Nicaragua","2018","0.404","254","",""
"Nicaragua","2014","0.432","260","1263",""
"Nicaragua","2013","0.442","263","",""
"Nicaragua","2012","0.449","264","",""
"Nicaragua","2011","0.453","263","",""
"Nicaragua","2010","0.45","258","",""
"Nicaragua","2009","0.468","265","",""
"Nicaragua","2008","0.475","266","",""
"Nicaragua","2007","0.442","244","",""
"Nicaragua","2006","0.448","244","",""
"Nicaragua","2005","0.457","246","",""
"Nicaragua","2003","0.464","243","",""
"Niger","2009","0.011","17","","4"
"Niger","2008","0.011","16","",""
"Niger","2004","0.011","15","",""
"Nigeria","2010","0.527","8359","3361",""
"Nigeria","2009","0.16","2464","",""
"Nigeria","2008","0.171","2571","705","505"
"Nigeria","2007","0.176","2571","1012","505"
"Nigeria","2006","0.157","2241","",""
"Nigeria","2005","0.152","2113","",""
"Nigeria","2003","0.188","2482","",""
"Niue","2008","12.5","2","","2"
"Niue","2006","17.647","3","",""
"Niue","2004","11.765","2","",""
"Niue","2003","11.111","2","",""
"Niue","1996","9.524","2","",""
"Norway","2017","8.652","4590","",""
"Norway","2016","8.615","4527","",""
"Norway","2015","8.527","4434","",""
"Norway","2014","8.657","4450","",""
"Norway","2013","8.733","4434","",""
"Norway","2012","8.659","4340","",""
"Norway","2011","8.853","4380","",""
"Norway","2010","8.787","4293","",""
"Norway","2009","8.684","4192","",""
"Oman","2017","2.912","1350","",""
"Oman","2016","2.789","1234","",""
"Oman","2015","2.736","1149","",""
"Oman","2014","2.6","1030","",""
"Oman","2013","2.363","877","",""
"Oman","2012","2.324","805","",""
"Oman","2011","2.243","726","",""
"Oman","2010","2.15","654","",""
"Oman","2009","2.161","623","",""
"Oman","2008","2.019","557","",""
"Oman","2007","1.968","524","",""
"Oman","2006","1.92","496","",""
"Oman","2005","1.784","448","",""
"Oman","2004","1.702","416","",""
"Oman","2000","1.155","262","",""
"Oman","1999","0.47","106","",""
"Oman","1998","0.413","93","",""
"Oman","1997","0.373","84","",""
"Oman","1995","0.649","143","",""
"Oman","1990","0.464","84","",""
"Oman","1985","","53","",""
"Oman","1980","","23","",""
"Oman","1975","","6","",""
"Pakistan","2015","0.879","16652","3994",""
"Pakistan","2011","0.669","11649","",""
"Pakistan","2010","0.616","10508","",""
"Pakistan","2009","0.588","9822","",""
"Pakistan","2008","0.551","9013","",""
"Pakistan","2004","0.428","6452","550","860"
"Pakistan","2001","0.326","4622","",""
"Pakistan","2000","0.301","4175","",""
"Pakistan","1999","0.272","3687","",""
"Pakistan","1998","0.26","3444","",""
"Pakistan","1997","0.245","3159","",""
"Pakistan","1996","0.233","2938","",""
"Pakistan","1995","0.224","2751","",""
"Pakistan","1994","0.216","2589","",""
"Pakistan","1993","0.206","2401","",""
"Pakistan","1992","0.2","2278","",""
"Palau","2007","2.488","5","",""
"Palau","1998","12.973","24","",""
"Panama","2016","2.799","1129","",""
"Panama","2013","2.702","1037","",""
"Panama","2012","3.265","1232","",""
"Panama","2011","3.004","1114","",""
"Panama","2010","2.995","1091","",""
"Panama","2009","2.883","1032","",""
"Panama","2008","2.815","990","",""
"Panama","2007","2.733","944","",""
"Panama","2006","2.81","953","",""
"Panama","2005","2.816","938","",""
"Panama","2004","2.823","923","",""
"Panama","2003","2.705","868","",""
"Panama","2002","2.848","897","",""
"Panama","2001","2.476","765","",""
"Panama","1999","2.679","796","",""
"Panama","1998","2.706","788","",""
"Panama","1997","2.607","744","",""
"Panama","1996","2.625","734","",""
"Panama","1995","2.471","677","",""
"Panama","1994","2.332","626","",""
"Panama","1993","2.183","574","",""
"Panama","1992","2.217","571","",""
"Panama","1991","2.104","531","",""
"Panama","1990","2.048","506","",""
"Papua New Guinea","2009","0.174","121","",""
"Papua New Guinea","2000","0.162","90","",""
"Paraguay","2018","1.637","1129","41","55"
"Paraguay","2017","1","681","",""
"Paraguay","2012","1.652","1054","",""
"Paraguay","2002","4.404","2426","756",""
"Peru","2016","1.8","5719","",""
"Peru","2012","1.482","4471","",""
"Peru","2009","1.231","3570","",""
"Peru","2007","5.415","15320","6650",""
"Peru","1999","1.099","2809","",""
"Philippines","2004","5.421","45903","",""
"Philippines","2002","5.313","43220","",""
"Philippines","2000","1.098","8564","",""
"Poland","2016","3.482","13308","",""
"Poland","2015","3.294","12603","",""
"Poland","2014","3.418","13088","",""
"Poland","2013","3.216","12322","",""
"Poland","2012","3.26","12491","",""
"Poland","2011","3.401","13033","",""
"Poland","2010","3.275","12549","",""
"Portugal","2014","8.714","9125","",""
"Portugal","2013","8.423","8867","",""
"Portugal","2012","8","8465","",""
"Portugal","2011","7.631","8108","",""
"Portugal","2010","7.609","8105","",""
"Portugal","2009","6.196","6605","",""
"Portugal","2008","5.664","6033","",""
"Portugal","2007","5.295","5629","",""
"Portugal","2006","5.344","5665","",""
"Portugal","2005","4.785","5056","",""
"Portugal","2004","4.471","4707","",""
"Portugal","2003","4.199","4404","",""
"Portugal","2002","3.958","4134","",""
"Qatar","2016","8.386","2155","",""
"Qatar","2014","7","1662","",""
"Qatar","2006","4.81","486","",""
"Qatar","2005","7.978","690","",""
"Republic of Korea","2017","4.963","25300","",""
"Republic of Korea","2016","4.755","24150","",""
"Republic of Korea","2015","4.653","23540","",""
"Republic of Korea","2014","4.555","22952","",""
"Republic of Korea","2013","4.481","22482","",""
"Republic of Korea","2012","4.382","21888","",""
"Republic of Korea","2011","4.304","21410","",""
"Republic of Korea","2010","4.225","20936","",""
"Republic of Korea","2009","4.99","24639","",""
"Republic of Korea","2008","4.861","23924","",""
"Republic of Korea","2007","4.714","23126","",""
"Republic of Korea","2006","4.554","22267","",""
"Republic of Korea","2005","4.431","21581","",""
"Republic of Korea","2004","4.401","21344","25626","18946"
"Republic of Moldova","2015","4.373","1778","",""
"Republic of Moldova","2014","4.302","1751","",""
"Republic of Moldova","2013","4.3","1751","",""
"Republic of Moldova","2012","4.099","1670","",""
"Republic of Moldova","2011","4.101","1672","",""
"Republic of Moldova","2010","4.018","1641","",""
"Romania","2016","8.072","15965","",""
"Romania","2013","7.1","14248","",""
"Romania","2012","6.831","13779","",""
"Romania","2011","6.566","13324","5440",""
"Romania","2010","6.34","12959","",""
"Romania","2002","3.786","8274","4931",""
"Russian Federation","2014","2.86","41113","",""
"Russian Federation","2013","2.907","41743","",""
"Russian Federation","2012","2.945","42240","",""
"Russian Federation","2011","2.93","41972","",""
"Russian Federation","2010","2.898","41481","",""
"Rwanda","2015","0.109","127","",""
"Rwanda","2009","0.072","72","17","60"
"Rwanda","2008","0.065","63","14","47"
"Saint Kitts and Nevis","2015","3.683","20","",""
"Saint Kitts and Nevis","2001","3.261","15","",""
"Saint Kitts and Nevis","1999","3.125","14","",""
"Saint Kitts and Nevis","1998","2.709","12","",""
"Saint Kitts and Nevis","1997","2.283","10","",""
"Saint Kitts and Nevis","1996","2.535","11","",""
"Saint Kitts and Nevis","1995","2.564","11","",""
"Saint Kitts and Nevis","1994","2.358","10","",""
"Saint Kitts and Nevis","1993","2.153","9","",""
"Saint Kitts and Nevis","1992","2.174","9","",""
"Saint Kitts and Nevis","1991","1.707","7","",""
"Saint Kitts and Nevis","1990","2.941","12","",""
"Saint Lucia","2014","2.268","40","",""
"Saint Lucia","2010","1.622","28","",""
"Saint Lucia","2009","0.292","5","",""
"Saint Lucia","2008","0.118","2","",""
"Saint Lucia","2007","0.179","3","",""
"Saint Lucia","2004","0.432","7","",""
"Saint Lucia","2003","0.435","7","",""
"Saint Lucia","2002","0.438","7","",""
"Saint Lucia","2001","1.703","27","",""
"Saint Lucia","1999","0.58","9","",""
"Saint Vincent and the Grenadines","2004","1.197","13","",""
"Saint Vincent and the Grenadines","2001","1.944","21","",""
"Saint Vincent and the Grenadines","2000","0.463","5","",""
"Saint Vincent and the Grenadines","1997","0.556","6","",""
"Samoa","2016","1.489","29","",""
"Samoa","2013","0.629","12","",""
"Samoa","2010","2.417","45","",""
"Samoa","2008","0.926","17","","46"
"Samoa","2003","0.563","10","",""
"San Marino","2014","6.728","22","",""
"Sao Tome and Principe","2004","","","9","2"
"Saudi Arabia","2016","4.4","14201","",""
"Saudi Arabia","2014","3.997","12301","",""
"Saudi Arabia","2001","0.742","1581","",""
"Senegal","2016","0.079","121","","57"
"Senegal","2013","0.038","54","",""
"Senegal","2008","0.086","105","",""
"Senegal","2004","0.064","70","","27"
"Serbia","2016","5.164","4555","1748",""
"Serbia","2015","2.148","1901","","803"
"Serbia","2014","2.6","2310","",""
"Serbia","2013","2.685","2395","",""
"Serbia","2012","2.744","2458","",""
"Serbia","2011","2.835","2550","",""
"Serbia","2010","2.802","2530","",""
"Serbia","2009","2.508","2273","",""
"Seychelles","2016","2.09","20","",""
"Seychelles","2012","1.517","14","",""
"Seychelles","2011","1.961","18","",""
"Seychelles","2010","2.079","19","",""
"Seychelles","2009","1.758","16","",""
"Seychelles","2008","1.323","12","",""
"Seychelles","2007","1.772","16","",""
"Seychelles","2006","1.672","15","",""
"Seychelles","2005","1.127","10","",""
"Seychelles","2004","1.486","13","75","6"
"Sierra Leone","2010","0.009","6","",""
"Sierra Leone","2008","0.01","6","10","8"
"Sierra Leone","2004","0.009","5","",""
"Singapore","2016","3.909","2198","",""
"Singapore","2013","3.365","1804","345",""
"Singapore","2012","2.982","1572","316",""
"Singapore","2011","2.855","1478","299",""
"Singapore","2010","3.09","1568","",""
"Singapore","2009","2.946","1463","",""
"Singapore","2008","2.915","1414","",""
"Singapore","2007","2.861","1354","",""
"Singapore","2006","2.869","1323","",""
"Singapore","2005","2.843","1277","",""
"Singapore","2004","2.808","1227","",""
"Singapore","2003","2.8","1190","",""
"Singapore","2001","2.705","1087","",""
"Singapore","1999","2.467","942","",""
"Slovakia","2015","4.866","2647","",""
"Slovakia","2013","4.767","2586","303","888"
"Slovakia","2009","4.875","2633","",""
"Slovenia","2016","6.839","1421","",""
"Slovenia","2015","6.709","1392","",""
"Slovenia","2014","6.591","1365","",""
"Slovenia","2013","6.471","1337","",""
"Slovenia","2012","6.29","1296","",""
"Slovenia","2011","6.234","1280","",""
"Slovenia","2010","6.156","1259","",""
"Solomon Islands","2016","0.479","29","",""
"Solomon Islands","2013","0.479","27","","31"
"Solomon Islands","2012","0.399","22","",""
"Solomon Islands","2011","0.667","36","",""
"Solomon Islands","2005","1.107","52","",""
"Solomon Islands","1999","0.648","26","",""
"South Africa","2017","1.514","8586","6948",""
"South Africa","2016","1.131","6333","5484",""
"South Africa","2015","1.082","5985","4785",""
"South Africa","2014","1.067","5817","4687",""
"South Africa","2013","1.073","5770","4625",""
"South Africa","2012","1.048","5554","4104",""
"South Africa","2011","1.031","5387","3792",""
"South Africa","2010","1.027","5296","3516",""
"South Africa","2004","1.156","5577","417",""
"Spain","2014","7.155","33286","",""
"Spain","2013","6.948","32445","",""
"Spain","2012","6.656","31187","",""
"Spain","2011","6.197","29070","",""
"Spain","2010","5.947","27826","",""
"Spain","2009","5.75","26725","",""
"Spain","2008","5.587","25697","",""
"Spain","2007","5.401","24515","",""
"Spain","2006","5.21","23300","",""
"Spain","2005","5.029","22150","",""
"Spain","2004","4.857","21055","",""
"Spain","2003","4.69","20005","",""
"Spain","2002","4.595","19292","",""
"Spain","2001","4.471","18507","",""
"Spain","2000","4.288","17538","",""
"Spain","1999","4.167","16891","",""
"Spain","1998","4.004","16133","",""
"Spain","1997","3.81","15291","",""
"Spain","1996","3.718","14877","",""
"Spain","1995","3.513","14012","",""
"Spain","1994","3.33","13242","",""
"Spain","1993","3.09","12247","",""
"Spain","1992","2.988","11808","",""
"Spain","1991","2.855","11249","",""
"Spain","1990","2.632","10347","",""
"Spain","1989","","9433","",""
"Spain","1988","","7503","",""
"Spain","1987","","7304","",""
"Spain","1986","","5722","",""
"Spain","1985","","5137","",""
"Spain","1984","","4682","",""
"Spain","1983","","4458","",""
"Spain","1982","","4065","",""
"Spain","1981","","4032","",""
"Spain","1980","","3946","",""
"Spain","1979","","3532","",""
"Spain","1978","","3820","",""
"Spain","1977","","3785","",""
"Spain","1976","","3703","",""
"Spain","1975","","3446","",""
"Spain","1974","","3664","",""
"Spain","1973","","3613","",""
"Spain","1972","","3537","",""
"Spain","1971","","3534","",""
"Spain","1970","","3361","",""
"Spain","1969","","3376","",""
"Spain","1968","","3226","",""
"Spain","1967","","3195","",""
"Spain","1966","","3126","",""
"Spain","1965","","3005","",""
"Spain","1964","","2924","",""
"Spain","1963","","2916","",""
"Spain","1962","","2893","",""
"Spain","1961","","2824","",""
"Spain","1960","","2788","",""
"Spain","1959","","2783","",""
"Spain","1958","","2702","",""
"Spain","1957","","2672","",""
"Spain","1956","","2566","",""
"Spain","1955","","2503","",""
"Spain","1954","","2513","",""
"Spain","1953","","2463","",""
"Spain","1952","","2465","",""
"Sri Lanka","2016","0.914","1900","375","40"
"Sri Lanka","2015","0.647","1340","","50"
"Sri Lanka","2010","0.518","1046","",""
"Sri Lanka","2009","0.427","858","",""
"Sri Lanka","2008","0.659","1314","",""
"Sri Lanka","2007","0.663","1314","402","27"
"Sri Lanka","2006","0.6","1181","",""
"Sri Lanka","2005","0.489","954","",""
"Sri Lanka","2004","0.398","771","448","26"
"Sri Lanka","2002","0.394","751","",""
"Sri Lanka","2000","0.339","637","",""
"Sri Lanka","1999","0.279","521","",""
"Sri Lanka","1998","0.259","481","",""
"Sri Lanka","1997","0.25","462","",""
"Sri Lanka","1996","0.229","421","",""
"Sri Lanka","1995","0.212","387","",""
"Sri Lanka","1993","0.218","390","",""
"Sri Lanka","1992","0.202","358","",""
"Sri Lanka","1991","0.181","317","",""
"Sri Lanka","1990","0.205","355","",""
"Sri Lanka","1988","","355","",""
"Sri Lanka","1980","","218","",""
"Sudan","2015","2.1","8116","",""
"Sudan","2008","0.234","772","",""
"Sudan","2007","0.234","755","",""
"Sudan","2006","0.299","944","",""
"Sudan","2004","0.232","701","295","86"
"Suriname","2017","","","90",""
"Suriname","2009","0.48","25","",""
"Suriname","2004","0.851","42","",""
"Suriname","2000","0.085","4","",""
"Sweden","2015","8.002","7813","",""
"Sweden","2014","8.026","7777","",""
"Sweden","2013","8.04","7731","",""
"Sweden","2012","8.081","7710","",""
"Sweden","2011","8.061","7630","",""
"Sweden","2010","8.036","7546","",""
"Sweden","2007","8.23","7541","",""
"Switzerland","2016","5.019","4217","",""
"Switzerland","2015","5.048","4200","",""
"Switzerland","2014","5.124","4217","",""
"Switzerland","2013","5.174","4208","",""
"Switzerland","2012","5.206","4181","",""
"Switzerland","2011","5.199","4123","",""
"Switzerland","2010","5.246","4109","",""
"Syrian Arab Republic","2016","6.8","12532","",""
"Syrian Arab Republic","2014","8.637","16585","",""
"Syrian Arab Republic","2010","7.605","15984","",""
"Syrian Arab Republic","2009","7.587","15799","",""
"Syrian Arab Republic","2008","7.955","16169","",""
"Syrian Arab Republic","2007","7.534","14791","",""
"Syrian Arab Republic","2005","8.595","15725","",""
"Syrian Arab Republic","2004","8.599","15312","",""
"Syrian Arab Republic","2003","8.565","14917","",""
"Syrian Arab Republic","2002","8.55","14610","",""
"Syrian Arab Republic","2000","6.8","11160","",""
"Syrian Arab Republic","1999","6.677","10694","",""
"Syrian Arab Republic","1998","6.713","10473","",""
"Syrian Arab Republic","1997","6.433","9764","",""
"Tajikistan","2014","1.541","1289","",""
"Tajikistan","2013","1.59","1300","",""
"Tajikistan","2012","1.52","1215","",""
"Tajikistan","2011","1.563","1222","",""
"Tajikistan","2010","1.615","1234","",""
"Thailand","2017","1.677","11575","",""
"Thailand","2016","1.62","11158","16654",""
"Thailand","2010","1.763","11847","5375",""
"Thailand","2009","1.484","9926","4250",""
"Thailand","2008","1.45","9646","3501",""
"Thailand","2007","1.411","9337","3279",""
"Thailand","2006","1.338","8809","3693",""
"Thailand","2004","0.635","4129","",""
"Thailand","2002","0.698","4471","",""
"Thailand","2001","0.679","4317","",""
"Thailand","1999","0.646","4026","",""
"Thailand","1998","0.636","3917","",""
"Thailand","1997","0.561","3414","",""
"Thailand","1995","0.491","2920","",""
"Thailand","1993","0.477","2786","",""
"Thailand","1991","0.421","2408","",""
"Thailand","1989","","2107","",""
"Thailand","1987","","1468","",""
"Thailand","1985","","1451","",""
"Thailand","1983","","1247","",""
"Thailand","1981","","1057","",""
"Thailand","1979","","978","",""
"Thailand","1977","","815","",""
"Thailand","1975","","652","",""
"Thailand","1973","","596","",""
"Thailand","1971","","531","",""
"Republic of North Macedonia","2015","8.772","1824","",""
"Republic of North Macedonia","2013","8.214","1705","",""
"Republic of North Macedonia","2012","7.965","1652","",""
"Republic of North Macedonia","2011","7.827","1622","",""
"Republic of North Macedonia","2010","7.722","1599","",""
"Republic of North Macedonia","2009","6.887","1425","",""
"Timor-Leste","2017","0.656","85","",""
"Timor-Leste","2015","0.145","18","",""
"Timor-Leste","2014","0.148","18","",""
"Timor-Leste","2011","0.062","7","38","1"
"Timor-Leste","2010","0.063","7","37",""
"Timor-Leste","2009","0.055","6","34",""
"Timor-Leste","2008","0.019","2","29",""
"Timor-Leste","2007","","","28",""
"Timor-Leste","2004","0.02","2","","43"
"Timor-Leste","2001","0.011","1","9",""
"Togo","2015","0.024","18","",""
"Togo","2010","0.101","66","33",""
"Togo","2008","0.024","15","","4"
"Togo","2007","0.025","15","","4"
"Togo","2004","0.033","18","","1"
"Tonga","2013","1.14","12","","27"
"Tonga","2010","0.961","10","",""
"Tonga","2009","1.062","11","","26"
"Tonga","2003","2.305","23","",""
"Tonga","2001","3.347","33","",""
"Trinidad and Tobago","2015","3.595","489","",""
"Trinidad and Tobago","2011","2.57","343","",""
"Trinidad and Tobago","2010","2.583","343","",""
"Trinidad and Tobago","2009","2.361","312","",""
"Trinidad and Tobago","2007","2.245","294","",""
"Trinidad and Tobago","2006","2.179","284","",""
"Trinidad and Tobago","2003","1.939","249","",""
"Trinidad and Tobago","2002","1.722","220","",""
"Trinidad and Tobago","2001","1.713","218","",""
"Trinidad and Tobago","2000","1.562","198","",""
"Trinidad and Tobago","1999","1.494","189","",""
"Trinidad and Tobago","1998","1.497","189","",""
"Trinidad and Tobago","1997","1.269","160","",""
"Trinidad and Tobago","1996","1.12","141","",""
"Trinidad and Tobago","1995","1.068","134","",""
"Tunisia","2015","3.099","3494","",""
"Tunisia","2010","2.942","3130","",""
"Tunisia","2006","1.822","1858","",""
"Tunisia","2005","1.831","1850","",""
"Tunisia","2004","2.096","2100","","352"
"Tunisia","2002","1.413","1394","",""
"Tunisia","2001","1.41","1380","",""
"Tunisia","2000","1.356","1315","",""
"Tunisia","1999","1.355","1301","",""
"Tunisia","1998","1.343","1276","",""
"Tunisia","1997","1.279","1200","",""
"Tunisia","1996","1.197","1108","",""
"Tunisia","1995","1.139","1038","",""
"Tunisia","1994","1.125","1008","",""
"Tunisia","1993","1.143","1004","",""
"Tunisia","1992","1.126","969","",""
"Tunisia","1991","0.963","811","",""
"Tunisia","1990","0.983","809","",""
"Turkey","2015","3.173","24834","",""
"Turkey","2014","2.985","22996","",""
"Turkey","2013","2.942","22295","",""
"Turkey","2012","2.87","21404","",""
"Turkey","2011","2.874","21099","",""
"Turkey","2010","2.963","21432","",""
"Turkey","2009","2.886","20589","",""
"Turkey","2008","2.833","19959","",""
"Turkey","2007","2.77","19278","",""
"Turkey","2006","2.666","18332","",""
"Turkey","2005","2.673","18149","",""
"Turkey","2004","2.67","17893","",""
"Turkey","2003","2.685","17744","",""
"Turkey","2002","2.513","16371","",""
"Turkey","2001","2.504","16075","",""
"Turkey","2000","2.515","15906","",""
"Turkey","1999","2.284","14226","",""
"Turkey","1998","2.188","13421","",""
"Turkey","1997","2.11","12737","",""
"Turkey","1996","2.088","12406","",""
"Turkey","1995","2.003","11717","",""
"Turkey","1994","1.99","11457","",""
"Turkey","1993","1.954","11069","",""
"Turkey","1992","1.92","10703","",""
"Turkey","1991","1.937","10623","",""
"Turkey","1990","1.95","10514","",""
"Turkey","1989","","10132","",""
"Turkey","1988","","9639","",""
"Turkey","1987","","8589","",""
"Turkey","1986","","8410","",""
"Turkey","1985","","8305","",""
"Turkey","1984","","8133","",""
"Turkey","1983","","7763","",""
"Turkey","1982","","7625","",""
"Turkey","1981","","6790","",""
"Turkey","1980","","7077","",""
"Turkey","1979","","7021","",""
"Turkey","1978","","6826","",""
"Turkey","1977","","5954","",""
"Turkey","1976","","5379","",""
"Turkey","1975","","5046","",""
"Turkey","1974","","4269","",""
"Turkey","1973","","4279","",""
"Turkey","1972","","3789","",""
"Turkey","1971","","3517","",""
"Turkey","1970","","3245","",""
"Turkmenistan","2014","1.154","631","",""
"Turkmenistan","2013","1.137","610","",""
"Turkmenistan","2012","1.166","614","",""
"Turkmenistan","2011","1.167","604","",""
"Turkmenistan","2010","1.152","586","",""
"Turkmenistan","2002","1.9","876","",""
"Tuvalu","2014","4.587","5","",""
"Tuvalu","2008","1.942","2","","2"
"Tuvalu","2003","2.041","2","",""
"Tuvalu","2002","2.083","2","",""
"Uganda","2015","0.069","276","",""
"Uganda","2005","0.034","98","","342"
"Uganda","2004","0.042","117","228","18"
"Ukraine","2014","6.005","26954","",""
"Ukraine","2013","6.857","30934","",""
"Ukraine","2012","6.767","30688","",""
"Ukraine","2011","6.638","30255","",""
"Ukraine","2010","6.583","30147","",""
"United Arab Emirates","2016","5.572","5165","",""
"United Arab Emirates","2015","5.37","4916","",""
"United Arab Emirates","2014","4.42","4009","",""
"United Arab Emirates","2013","3.532","3181","",""
"United Arab Emirates","2012","3.531","3143","",""
"United Arab Emirates","2011","3.459","3000","",""
"United Arab Emirates","2010","3.725","3081","",""
"United Arab Emirates","2009","3.749","2874","",""
"United Arab Emirates","2008","3.081","2124","",""
"United Arab Emirates","2007","3.175","1919","",""
"United Arab Emirates","2006","2.591","1358","",""
"United Arab Emirates","2005","3.088","1414","",""
"United Arab Emirates","2004","3.63","1484","",""
"United Arab Emirates","2003","3.405","1274","",""
"United Arab Emirates","2002","3.279","1150","",""
"United Arab Emirates","2001","3.142","1045","",""
"United Arab Emirates","2000","2.542","802","",""
"United Kingdom of Great Britain and Northern Ireland","2017","5.252","34760","",""
"United Kingdom of Great Britain and Northern Ireland","2016","5.3","34867","",""
"United Kingdom of Great Britain and Northern Ireland","2015","5.294","34621","",""
"United Kingdom of Great Britain and Northern Ireland","2014","5.283","34348","",""
"United Kingdom of Great Britain and Northern Ireland","2013","5.21","33676","",""
"United Kingdom of Great Britain and Northern Ireland","2012","5.178","33268","",""
"United Kingdom of Great Britain and Northern Ireland","2011","5.237","33419","",""
"United Kingdom of Great Britain and Northern Ireland","2010","5.122","32423","",""
"United Kingdom of Great Britain and Northern Ireland","1997","4.485","26166","31522","32563"
"United Republic of Tanzania","2014","0.02","104","933",""
"United Republic of Tanzania","2012","0.02","99","366","44"
"United Republic of Tanzania","2006","0.011","43","175","12"
"United Republic of Tanzania","2002","0.041","147","99","21"
"United States of America","2015","6.1","195156","",""
"United States of America","2010","5.785","178559","495175",""
"United States of America","2005","6.079","179414","454582",""
"United States of America","2000","4.761","134245","329418",""
"Uruguay","2017","14.797","5115","",""
"Uruguay","2016","12.123","4175","1561",""
"Uruguay","2008","7.389","2476","",""
"Uruguay","2002","11.828","3936","",""
"Uzbekistan","2014","1.482","4520","",""
"Uzbekistan","2013","1.582","4749","",""
"Uzbekistan","2012","1.597","4719","",""
"Uzbekistan","2011","1.672","4861","",""
"Uzbekistan","2010","1.641","4693","",""
"Vanuatu","2012","0.687","17","",""
"Vanuatu","2008","0.133","3","",""
"Venezuela (Bolivarian Republic of)","2001","5.483","13680","",""
"Yemen","2014","0.207","543","",""
"Yemen","2010","0.243","573","324",""
"Yemen","2004","0.239","478","372",""
"Yemen","1997","0.156","256","",""
"Zambia","2016","0.188","312","",""
"Zambia","2012","0.052","77","282","42"
"Zambia","2011","0.051","73","262","38"
"Zambia","2010","0.178","246","",""
"Zambia","2009","0.179","241","",""
"Zambia","2004","0.229","269","193","29"
"Zimbabwe","2014","0.162","250","",""
"Zimbabwe","2013","0.157","236","",""
"Zimbabwe","2012","0.158","233","",""
"Zimbabwe","2011","0.177","255","",""
"Zimbabwe","2010","0.17","239","",""
"Zimbabwe","2009","0.132","182","",""
"Zimbabwe","2008","0.133","181","",""
"Zimbabwe","2007","0.144","192","",""
"Zimbabwe","1995","0.134","152","","33"
"Zimbabwe","1990","0.129","131","","22"
"Zimbabwe","1985","","94","","14"
