"Country","Year","Pharmacists (per 10 000 population)","Pharmacists (number)","Pharmaceutical Technicians and Assistants (number)"
"Afghanistan","2016","0.483","1675",""
"Afghanistan","2015","0.507","1712",""
"Afghanistan","2014","0.522","1711",""
"Afghanistan","2012","0.275","845",""
"Afghanistan","2011","0.281","836",""
"Afghanistan","2010","0.283","814",""
"Afghanistan","2009","0.302","847",""
"Afghanistan","2008","0.304","829",""
"Afghanistan","2007","0.312","830",""
"Afghanistan","2006","0.321","830",""
"Afghanistan","2005","0.359","900",""
"Afghanistan","2001","0.25","525",""
"Albania","2013","8.362","2441",""
"Albania","2011","4.743","1388",""
"Albania","2010","4.503","1324",""
"Algeria","2007","2.162","7417","815"
"Algeria","2005","1.834","6104",""
"Algeria","2002","1.692","5413","920"
"Andorra","2015","10.128","79","3"
"Andorra","2003","9.29","68",""
"Angola","2004","0.487","919",""
"Angola","1997","0.016","24",""
"Antigua and Barbuda","2007","1.641","15",""
"Argentina","2004","5.038","19510",""
"Argentina","2001","5.651","21177",""
"Argentina","1998","4.222","15300",""
"Argentina","1992","3.12","10500",""
"Armenia","2014","0.516","150",""
"Armenia","2013","0.511","148",""
"Armenia","2012","0.434","125",""
"Armenia","2011","0.421","121",""
"Armenia","2010","0.427","123",""
"Australia","2016","8.688","20960",""
"Australia","2015","8.528","20297",""
"Australia","2014","8.386","19685",""
"Australia","2013","8.288","19188",""
"Australia","2012","9.347","21331",""
"Australia","2011","6.771","15222",""
"Australia","2010","8.697","19237",""
"Australia","2009","10.028","21800",""
"Australia","2006","7.456","15339",""
"Australia","2001","7.243","13956",""
"Australia","1996","6.738","12311",""
"Austria","2016","7.11","6194",""
"Austria","2015","7.033","6104",""
"Austria","2014","6.949","5999",""
"Austria","2013","6.899","5918",""
"Austria","2012","6.836","5823",""
"Austria","2011","6.738","5700",""
"Austria","2010","6.634","5579",""
"Azerbaijan","2014","1.996","1897",""
"Azerbaijan","2013","2.079","1951",""
"Azerbaijan","2012","1.8","1668",""
"Azerbaijan","2011","1.812","1657",""
"Azerbaijan","2010","2.027","1831",""
"Bahamas","2011","5.51","202","90"
"Bahamas","2008","3.958","138","22"
"Bahrain","2015","1.618","222",""
"Bahrain","2014","1.639","219",""
"Bahrain","2013","1.475","194",""
"Bahrain","2012","1.577","205",""
"Bahrain","2011","1.51","193",""
"Bahrain","2010","1.579","196",""
"Bahrain","2009","1.57","186",""
"Bahrain","2008","1.669","186",""
"Bahrain","2007","1.738","180",""
"Bahrain","2006","1.795","172",""
"Bahrain","2005","1.844","164",""
"Bahrain","2003","1.785","139",""
"Bahrain","2002","1.823","134",""
"Bahrain","2001","1.935","135",""
"Bahrain","2000","1.911","127",""
"Bangladesh","2017","1.56","25692",""
"Bangladesh","2015","0.757","12199","77432"
"Bangladesh","2014","0.765","12199","71210"
"Bangladesh","2012","0.595","9265","52505"
"Bangladesh","2011","0.597","9186","52505"
"Bangladesh","2010","0.8","12172","49672"
"Bangladesh","2009","0.555","8351","45226"
"Bangladesh","2008","0.537","7993","39074"
"Bangladesh","2002","0.558","7622",""
"Barbados","2005","9.161","251",""
"Barbados","2001","6.834","185",""
"Barbados","1995","6.377","169",""
"Belarus","2014","3.416","3240",""
"Belarus","2013","3.443","3264",""
"Belarus","2012","3.409","3229",""
"Belarus","2011","3.272","3098",""
"Belarus","2010","2.883","2731",""
"Belgium","2016","12.217","13876",""
"Belgium","2015","12.086","13643",""
"Belgium","2014","12.04","13508",""
"Belgium","2013","11.909","13280",""
"Belgium","2012","11.753","13027",""
"Belgium","2011","11.663","12845",""
"Belgium","2010","11.545","12629",""
"Belize","2017","6.779","254",""
"Belize","2009","3.568","112",""
"Benin","2016","0.012","13",""
"Benin","2013","","","770"
"Benin","2008","0.023","20",""
"Benin","2004","0.014","11",""
"Bhutan","2017","0.458","37","172"
"Bhutan","2016","0.288","23",""
"Bhutan","2015","0.191","15",""
"Bhutan","2014","0.18","14",""
"Bhutan","2013","0.118","9",""
"Bhutan","2012","0.146","11",""
"Bhutan","2008","0.2","14","75"
"Bhutan","2007","0.146","10","77"
"Bhutan","2004","0.109","7","71"
"Bolivia (Plurinational State of)","2016","2.275","2477",""
"Bolivia (Plurinational State of)","2011","0.655","660",""
"Bolivia (Plurinational State of)","2010","0.572","567",""
"Bolivia (Plurinational State of)","2007","0.351","331",""
"Bolivia (Plurinational State of)","2001","3.052","2593","2077"
"Bosnia and Herzegovina","2014","1.237","441",""
"Bosnia and Herzegovina","2013","1.19","429",""
"Bosnia and Herzegovina","2012","1.157","422",""
"Bosnia and Herzegovina","2011","1.063","392",""
"Bosnia and Herzegovina","2010","0.997","371",""
"Botswana","2011","2.096","430",""
"Botswana","2009","0.54","107","258"
"Botswana","2008","0.683","133","106"
"Botswana","2004","0.765","140","193"
"Brazil","2017","6.783","141968","29605"
"Brazil","2010","5.466","107564","14703"
"Brazil","2008","5.394","104098",""
"Brazil","2007","5.449","104098",""
"Brazil","2006","5.507","104098",""
"Brazil","2005","5.334","99696",""
"Brazil","2001","3.754","66727",""
"Brazil","2000","2.598","45532","5785"
"Brazil","1997","3.349","56117",""
"Brunei Darussalam","2015","1.701","71",""
"Brunei Darussalam","2014","6.51","268","172"
"Brunei Darussalam","2012","1.276","51","116"
"Brunei Darussalam","2011","1.218","48",""
"Brunei Darussalam","2010","1.106","43",""
"Brunei Darussalam","2009","1.094","42",""
"Brunei Darussalam","2008","1.186","45",""
"Brunei Darussalam","2007","1.12","42",""
"Brunei Darussalam","2006","1.107","41",""
"Brunei Darussalam","2005","1.123","41",""
"Brunei Darussalam","2004","1.14","41",""
"Brunei Darussalam","2002","0.865","30",""
"Bulgaria","2001","1.286","1020",""
"Burkina Faso","2016","0.091","170",""
"Burkina Faso","2012","0.123","203","148"
"Burkina Faso","2011","0.139","223",""
"Burkina Faso","2010","0.118","184","155"
"Burkina Faso","2009","0.106","161",""
"Burkina Faso","2008","0.053","78",""
"Burkina Faso","2004","0.174","227","116"
"Burundi","2011","0.112","101","71"
"Burundi","2010","0.026","23","28"
"Burundi","2004","0.102","73","3"
"Cabo Verde","2016","0.083","4",""
"Cabo Verde","2011","0.059","3","2"
"Cabo Verde","2010","0.08","4",""
"Cabo Verde","2009","0.06","3","1"
"Cabo Verde","2008","0.041","2","1"
"Cabo Verde","2007","0.041","2","1"
"Cabo Verde","2006","0.062","3","1"
"Cambodia","2014","0.344","526","89"
"Cambodia","2013","0.349","525","78"
"Cambodia","2012","0.33","487","79"
"Cambodia","2011","0.4","581",""
"Cambodia","2010","0.383","548",""
"Cambodia","2009","0.388","547",""
"Cambodia","2008","0.41","569",""
"Cambodia","2000","0.464","564",""
"Cambodia","1998","0.358","415","201"
"Cambodia","1996","0.298","327","169"
"Cameroon","2016","0.085","199",""
"Cameroon","2011","0.079","162","1178"
"Cameroon","2010","0.021","42",""
"Cameroon","2009","0.014","27",""
"Cameroon","2007","0.021","38",""
"Cameroon","2005","0.015","27",""
"Canada","2016","10.025","36380",""
"Canada","2015","9.802","35238",""
"Canada","2014","9.325","33203",""
"Canada","2013","9.239","32573",""
"Canada","2012","9.065","31637",""
"Canada","2009","9.042","30553",""
"Canada","2008","8.684","29010",""
"Canada","2007","8.63","28495",""
"Canada","2006","8.295","27078",""
"Canada","2004","8.932","28537",""
"Canada","2002","8.412","26346",""
"Canada","2001","8.265","25643",""
"Canada","1998","7.676","23164",""
"Central African Republic","2015","0.044","20",""
"Central African Republic","2009","0.023","10","2"
"Central African Republic","2008","0.018","8","2"
"Central African Republic","2004","0.042","17",""
"Chad","2013","0.055","72",""
"Chad","2012","0.054","68",""
"Chad","2004","0.032","31","6"
"Chile","2009","0.023","39",""
"Chile","2008","0.023","39",""
"Chile","2007","0.024","39",""
"Chile","2006","0.023","38",""
"Chile","2005","0.022","36",""
"Chile","2004","0.023","36",""
"Chile","2003","0.023","36",""
"Chile","2002","0.022","35",""
"Chile","1992","","","2870"
"China","2015","3.013","423294",""
"China","2014","2.93","409595",""
"China","2013","2.845","395578",""
"China","2012","2.729","377398",""
"China","2011","2.647","363993",""
"China","2010","2.588","353916",""
"China","2009","2.515","341910",""
"China","2008","2.445","330525",""
"China","2007","2.419","325212",""
"China","2006","2.645","353565",""
"China","2005","2.63","349533",""
"China","2004","2.69","355451",""
"China","2002","2.739","357659",""
"China","2000","3.212","414408",""
"China","1999","3.264","418574",""
"China","1998","3.324","423644",""
"China","1997","3.384","428295",""
"China","1996","3.382","424952",""
"China","1995","3.358","418520",""
"China","1990","3.445","405978",""
"China","1985","","365145",""
"China","1980","","308438",""
"China","1978","","266570",""
"Comoros","2012","0.221","16",""
"Comoros","2009","0.267","18","38"
"Comoros","2005","0.245","15",""
"Comoros","2004","0.251","15","26"
"Congo","2016","0.373","191",""
"Congo","2011","0.554","250",""
"Congo","2007","0.096","38","25"
"Congo","2006","0.289","111",""
"Congo","2004","0.263","95","4"
"Congo","1998","0.397","121","133"
"Cook Islands","2014","0.568","1","8"
"Cook Islands","2009","0.529","1","7"
"Cook Islands","2004","1.026","2",""
"Cook Islands","2001","1.093","2",""
"Costa Rica","2013","1.893","891",""
"Costa Rica","2011","8.214","3779",""
"Costa Rica","2000","2.914","1144","957"
"C么te d'Ivoire","2014","1.078","2430","2310"
"C么te d'Ivoire","2008","0.212","413",""
"C么te d'Ivoire","2005","0.07","128",""
"C么te d'Ivoire","2004","0.438","788","227"
"Croatia","2015","6.603","2797",""
"Croatia","2014","7.103","3024",""
"Croatia","2013","6.971","2982",""
"Croatia","2012","6.992","3004",""
"Croatia","2011","6.89","2972",""
"Croatia","2010","6.587","2851",""
"Croatia","1999","3.37","1502",""
"Croatia","1998","3.451","1550",""
"Croatia","1997","3.554","1611",""
"Croatia","1996","3.471","1588",""
"Croatia","1995","3.344","1544",""
"Croatia","1994","3.431","1598",""
"Croatia","1993","3.621","1701",""
"Croatia","1992","3.691","1747",""
"Croatia","1991","3.632","1729",""
"Croatia","1990","3.888","1857",""
"Croatia","1989","","1886",""
"Croatia","1988","","1888",""
"Croatia","1987","","1850",""
"Croatia","1986","","1820",""
"Cuba","2014","","","3058"
"Cuba","2013","","","2930"
"Cuba","2012","","","3751"
"Cuba","2010","","","4656"
"Cuba","2007","","","7047"
"Cyprus","2014","1.632","188",""
"Cyprus","2013","1.635","187",""
"Cyprus","2012","1.718","195",""
"Cyprus","2011","1.689","190",""
"Cyprus","2010","1.627","181",""
"Cyprus","2008","1.553","168","42"
"Cyprus","2002","1.474","144",""
"Czechia","2016","6.759","7172",""
"Czechia","2015","6.568","6965",""
"Czechia","2014","6.344","6724",""
"Czechia","2013","6.025","6383",""
"Czechia","2012","5.976","6327",""
"Czechia","2011","5.887","6222",""
"Czechia","2010","5.752","6061",""
"Democratic People's Republic of Korea","2017","3.96","10094",""
"Democratic People's Republic of Korea","2016","3.979","10094",""
"Democratic People's Republic of Korea","2014","3.744","9404",""
"Democratic People's Republic of Korea","2012","3.708","9215",""
"Democratic People's Republic of Korea","2008","3.543","8622",""
"Democratic People's Republic of Korea","2003","3.103","7303","6194"
"Democratic Republic of the Congo","2009","0.045","283","212"
"Denmark","2015","5.129","2918",""
"Denmark","2014","5.053","2862",""
"Denmark","2013","5.039","2841",""
"Denmark","2012","4.964","2785",""
"Denmark","2011","4.813","2687",""
"Denmark","2010","4.722","2623",""
"Djibouti","2014","2.302","210",""
"Djibouti","2008","3.232","266",""
"Djibouti","2006","0.201","16",""
"Djibouti","2005","0.23","18","23"
"Djibouti","2004","0.234","18",""
"Djibouti","1999","0.114","8",""
"Dominica","2001","2.582","18",""
"Dominican Republic","2000","3.889","3330",""
"Ecuador","2015","0.416","672","974"
"Ecuador","2011","0.534","810",""
"Ecuador","2009","0.452","664",""
"Ecuador","2003","0.374","497",""
"Ecuador","2002","0.378","494",""
"Ecuador","2001","0.379","487",""
"Ecuador","2000","0.386","487",""
"Ecuador","1999","0.345","428",""
"Ecuador","1998","0.317","385",""
"Ecuador","1997","0.297","354",""
"Ecuador","1996","0.28","327",""
"Ecuador","1994","0.24","269",""
"Ecuador","1993","0.24","263",""
"Ecuador","1992","0.248","265",""
"Ecuador","1991","0.246","257",""
"Ecuador","1990","0.224","229",""
"Ecuador","1989","","222",""
"Ecuador","1988","","222",""
"Ecuador","1987","","213",""
"Ecuador","1986","","157",""
"Ecuador","1985","","184",""
"Ecuador","1984","","157",""
"Ecuador","1983","","172",""
"Ecuador","1982","","139",""
"Ecuador","1981","","130",""
"Egypt","2017","4.312","42067","190"
"Egypt","2016","3.988","38156","132"
"Egypt","2015","3.9","36573",""
"Egypt","2014","3.214","29507",""
"El Salvador","2017","6.556","4181",""
"El Salvador","2008","3.79","2316",""
"El Salvador","2005","3.782","2280",""
"El Salvador","1999","2.786","1623",""
"Equatorial Guinea","2004","0.166","12","109"
"Eritrea","2004","0.044","17","90"
"Estonia","2016","7.337","963",""
"Estonia","2015","7.207","948",""
"Estonia","2014","6.743","889",""
"Estonia","2013","6.674","882",""
"Estonia","2012","6.393","847",""
"Estonia","2011","6.263","832",""
"Estonia","2010","6.321","842",""
"Estonia","2000","1.958","274","306"
"Eswatini","2011","0.245","30",""
"Eswatini","2009","0.169","20","31"
"Eswatini","2004","0.42","46","24"
"Eswatini","2000","0.433","46",""
"Ethiopia","2009","0.074","632","2029"
"Ethiopia","2008","0.05","413","3013"
"Ethiopia","2007","0.022","178","1023"
"Ethiopia","2006","0.021","162","1812"
"Ethiopia","2005","0.025","191","1428"
"Ethiopia","2004","0.023","172","1171"
"Ethiopia","2003","0.024","172","633"
"Fiji","2015","1.065","95",""
"Fiji","2009","0.892","76",""
"Fiji","2003","1.102","90",""
"Finland","2014","10.968","5988",""
"Finland","2013","11.57","6290",""
"Finland","2012","11.563","6259",""
"Finland","2011","11.128","5997",""
"Finland","2010","11.078","5944",""
"Finland","2002","11.181","5829",""
"France","2016","10.82","70025",""
"France","2015","10.898","70247",""
"France","2014","10.926","70136","75417"
"France","2013","10.901","69679",""
"France","2012","10.924","69520",""
"France","2011","10.851","68732",""
"France","2008","11.577","72160",""
"France","2007","11.378","70498",""
"France","2003","10.555","63909",""
"France","2002","10.304","62054",""
"France","2001","10.076","60366",""
"France","2000","9.798","58407",""
"France","1999","9.474","56195",""
"France","1998","9.967","58839",""
"France","1997","9.383","55137",""
"France","1996","9.428","55153",""
"France","1995","9.239","53810",""
"France","1994","9.154","53085",""
"France","1993","9.122","52673",""
"France","1992","8.977","51613",""
"France","1991","8.908","50989",""
"Gabon","2016","0.232","46","72"
"Gabon","2004","0.242","33","30"
"Gabon","1999","0.283","34",""
"Gabon","1998","0.29","34",""
"Gabon","1997","0.28","32",""
"Gabon","1996","0.242","27",""
"Gabon","1995","0.212","23",""
"Gabon","1994","0.236","25",""
"Gabon","1993","0.252","26",""
"Gambia","2015","0.025","5","99"
"Gambia","2008","0.082","13","62"
"Gambia","2007","0.084","13","44"
"Gambia","2006","0.074","11",""
"Gambia","2005","0.076","11",""
"Gambia","2004","0.107","15",""
"Gambia","2003","0.133","18","30"
"Georgia","2015","0.797","315",""
"Georgia","2014","0.771","308",""
"Georgia","2013","0.848","343",""
"Georgia","2012","0.743","305",""
"Georgia","2011","0.801","334",""
"Georgia","2010","0.834","353",""
"Germany","2016","6.401","52430",""
"Germany","2015","6.434","52568",""
"Germany","2014","6.382","52004",""
"Germany","2013","6.329","51431",""
"Germany","2012","6.224","50456",""
"Germany","2011","6.259","50656",""
"Germany","2010","6.256","50604",""
"Ghana","2013","3.63","9564",""
"Ghana","2008","0.235","547","1126"
"Ghana","2007","0.457","1038",""
"Ghana","2004","","","1388"
"Greece","2014","10.279","11579",""
"Greece","2013","10.123","11461",""
"Greece","2012","9.84","11196",""
"Greece","2011","9.833","11232","2340"
"Greece","2010","9.75","11160",""
"Grenada","2016","6.963","75",""
"Grenada","2011","8.468","89",""
"Grenada","2006","2.033","21",""
"Grenada","2003","2.148","22",""
"Grenada","2002","2.155","22",""
"Grenada","2001","2.161","22",""
"Grenada","2000","2.165","22",""
"Grenada","1999","2.17","22",""
"Grenada","1998","6.811","69",""
"Guatemala","2018","0.039","68",""
"Guinea","2016","0.115","142",""
"Guinea","2005","0.183","177","22"
"Guinea","2000","0.161","142","57"
"Guinea-Bissau","2009","0.059","9","12"
"Guinea-Bissau","2008","0.074","11","27"
"Guinea-Bissau","2004","","","27"
"Guyana","2018","0.089","7",""
"Guyana","2009","0.201","15","72"
"Haiti","2018","0.302","336","340"
"Haiti","2011","0.084","85",""
"Honduras","2000","0.538","351","575"
"Hungary","2016","7.539","7353",""
"Hungary","2015","7.194","7039",""
"Hungary","2014","7.738","7594",""
"Hungary","2013","7.645","7524",""
"Hungary","2012","5.758","5683",""
"Hungary","2011","5.8","5741",""
"Hungary","2010","5.863","5821",""
"Iceland","2017","5.104","171",""
"Iceland","2016","10.977","365",""
"Iceland","2015","11.205","370",""
"Iceland","2014","11.05","363",""
"Iceland","2013","11.009","360",""
"Iceland","2012","10.998","358",""
"Iceland","2011","11.75","380",""
"Iceland","2010","11.396","365",""
"Iceland","2009","10.566","334","173"
"Iceland","2008","10.582","329","173"
"Iceland","2007","10.714","327",""
"Iceland","2006","10.41","312",""
"Iceland","2005","10.136","299",""
"Iceland","2004","9.859","287",""
"Iceland","2003","9.688","279",""
"Iceland","2002","9.569","273",""
"Iceland","2001","8.59","243",""
"Iceland","2000","8.203","230",""
"India","2017","6.784","908523",""
"India","2016","5.6","741548",""
"India","2013","5.195","664176",""
"India","2012","4.994","630766",""
"India","2011","5.269","657230",""
"India","2010","5.33","656101",""
"India","2009","5.401","655801",""
"India","2006","4.976","578179",""
"India","2004","1.154","129946","104950"
"India","2003","5.049","559408",""
"India","1991","1.997","177333","33169"
"Indonesia","2017","1.736","45839",""
"Indonesia","2015","1.175","30329",""
"Indonesia","2010","","","11758"
"Indonesia","2009","0.084","2007","8771"
"Indonesia","2003","0.062","1367","6213"
"Indonesia","1992","0.037","693","3843"
"Iran (Islamic Republic of)","2015","2","15872",""
"Iran (Islamic Republic of)","2014","2.264","17750",""
"Iran (Islamic Republic of)","2006","1.005","7161","1988"
"Iran (Islamic Republic of)","2005","1.974","13900",""
"Iran (Islamic Republic of)","2004","1.386","9650","4490"
"Iraq","2017","2.858","10939",""
"Iraq","2016","2.6","9672",""
"Iraq","2014","2.459","8609",""
"Iraq","2010","1.845","5675",""
"Ireland","2015","11.044","5191",""
"Ireland","2014","11.606","5439",""
"Ireland","2013","11.205","5246",""
"Ireland","2012","10.697","5004",""
"Ireland","2011","10.275","4791",""
"Ireland","2010","9.871","4567",""
"Israel","2016","7.487","6133",""
"Israel","2015","7.729","6233",""
"Israel","2014","7.304","5800",""
"Israel","2013","7.502","5867",""
"Israel","2012","7.75","5967",""
"Israel","2011","7.663","5800",""
"Israel","2010","7.72","5733",""
"Israel","1995","8.186","4366",""
"Italy","2017","11.513","68344",""
"Italy","2016","11.791","70074",""
"Italy","2015","11.754","69939",""
"Italy","2014","10.868","64759",""
"Italy","2013","9.842","58727",""
"Italy","2012","9.657","57684",""
"Italy","2011","9.636","57586",""
"Italy","2010","8.678","51832",""
"Jamaica","2016","0.219","63","94"
"Jamaica","2015","0.286","82","106"
"Jamaica","2014","0.252","72","97"
"Jamaica","2013","0.259","74","104"
"Jamaica","2012","0.246","70","104"
"Jamaica","2008","0.344","96","76"
"Japan","2016","18.019","230186",""
"Japan","2014","16.86","216077",""
"Japan","2012","16.018","205716",""
"Japan","2010","16.003","205716",""
"Japan","2008","20.828","267751",""
"Japan","2006","19.663","252533",""
"Japan","2004","18.826","241369",""
"Japan","2002","17.962","229744",""
"Japan","2000","17.052","217477",""
"Japan","1998","16.201","205953",""
"Japan","1996","15.341","194300",""
"Japan","1994","14.03","176871",""
"Japan","1992","12.926","162021",""
"Japan","1990","12.097","150627",""
"Japan","1988","","143429",""
"Japan","1986","","135990",""
"Japan","1984","","129700",""
"Japan","1982","","124390",""
"Japan","1980","","116056",""
"Jordan","2017","16.149","15668",""
"Jordan","2016","15.499","14656",""
"Jordan","2015","13.184","12076",""
"Jordan","2014","13.866","12215",""
"Jordan","2013","13.834","11639",""
"Jordan","2012","17.316","13840",""
"Jordan","2010","12.741","9151",""
"Jordan","2009","12.328","8409",""
"Jordan","2008","11.888","7715",""
"Jordan","2007","13.058","8087",""
"Jordan","2006","11.328","6722",""
"Jordan","2005","12.425","7100",""
"Jordan","2003","11.735","6333",""
"Jordan","2002","11.281","5965",""
"Jordan","2001","9.602","4987",""
"Jordan","2000","8.483","4329",""
"Jordan","1999","7.629","3826",""
"Jordan","1998","7.305","3600",""
"Kazakhstan","2014","8.099","14163",""
"Kazakhstan","2013","8.036","13828",""
"Kazakhstan","2012","8.002","13540",""
"Kazakhstan","2011","7.933","13207",""
"Kazakhstan","2010","6.869","11265",""
"Kenya","2014","0.512","2355",""
"Kenya","2013","0.491","2202",""
"Kenya","2012","0.476","2076",""
"Kenya","2010","0.749","3097",""
"Kenya","2009","0.726","2921",""
"Kenya","2008","0.731","2860",""
"Kenya","2004","0.505","1773","1321"
"Kiribati","2016","0.262","3",""
"Kiribati","2013","0.276","3","12"
"Kiribati","2011","0.382","4",""
"Kiribati","2010","0.39","4",""
"Kiribati","2006","0.106","1",""
"Kiribati","2004","0.221","2",""
"Kiribati","1998","0.49","4",""
"Kuwait","2014","4.796","1814",""
"Kuwait","2009","3.15","888",""
"Kuwait","2008","3.031","804",""
"Kuwait","2007","2.964","742",""
"Kuwait","2006","3.012","716",""
"Kuwait","2001","3.423","722",""
"Kyrgyzstan","2014","0.419","242",""
"Kyrgyzstan","2013","0.558","317",""
"Kyrgyzstan","2012","0.504","282",""
"Kyrgyzstan","2011","0.327","180",""
"Kyrgyzstan","2010","0.312","169",""
"Lao People's Democratic Republic","2014","1.94","1276",""
"Lao People's Democratic Republic","2012","1.853","1189",""
"Latvia","2016","8.338","1643",""
"Latvia","2015","7.899","1574",""
"Latvia","2014","7.678","1548",""
"Latvia","2013","7.899","1612",""
"Latvia","2012","6.785","1402",""
"Latvia","2011","6.49","1358",""
"Latvia","2010","6.763","1433",""
"Lebanon","2017","13.758","8368",""
"Lebanon","2016","13.184","7919",""
"Lebanon","2015","12.971","7590",""
"Lebanon","2014","13.196","7394",""
"Lebanon","2013","13.267","7000",""
"Lebanon","2011","14.574","6687",""
"Lebanon","2010","12.7","5508",""
"Lebanon","2009","10.886","4554",""
"Lebanon","2007","11.421","4667",""
"Lebanon","2005","10.296","4105",""
"Lebanon","2004","7.765","3000",""
"Lebanon","2001","9.997","3359",""
"Lesotho","2003","0.016","3","59"
"Liberia","2010","0.117","46",""
"Liberia","2008","0.025","9","260"
"Liberia","2004","0.091","29","6"
"Libya","2017","6.206","3956",""
"Libya","2015","4.999","3117",""
"Libya","2014","6.331","3928",""
"Libya","2009","3.717","2275",""
"Libya","2008","3.687","2232",""
"Libya","2004","1.981","1130",""
"Libya","1997","2.394","1225",""
"Lithuania","2017","9.248","2673",""
"Lithuania","2003","6.648","2270",""
"Luxembourg","2017","7.129","416",""
"Luxembourg","2016","7.052","406",""
"Luxembourg","2015","6.988","396",""
"Luxembourg","2014","6.867","382",""
"Luxembourg","2013","7.013","382",""
"Luxembourg","2012","7.137","380",""
"Luxembourg","2011","7.194","374",""
"Luxembourg","2010","7.364","374",""
"Madagascar","2016","0.002","4",""
"Madagascar","2012","0.003","6",""
"Madagascar","2011","0.002","5",""
"Madagascar","2010","0.003","7",""
"Madagascar","2009","0.003","7",""
"Madagascar","2008","0.004","7",""
"Madagascar","2007","0.004","7",""
"Madagascar","2006","0.004","7",""
"Madagascar","2005","0.004","8",""
"Madagascar","2004","0.004","8",""
"Madagascar","2003","0.005","8",""
"Madagascar","2002","0.005","8",""
"Malawi","2016","","","218"
"Malawi","2009","","","221"
"Malawi","2008","0.205","293",""
"Malaysia","2015","3.421","10511","5308"
"Malaysia","2012","3.309","9652",""
"Malaysia","2011","3.014","8632",""
"Malaysia","2010","2.76","7759","3318"
"Malaysia","2007","1.717","4571",""
"Malaysia","2002","1.19","2880",""
"Malaysia","2000","1.006","2333",""
"Maldives","2016","","","14"
"Maldives","2015","4.756","199","192"
"Maldives","2010","6.776","247",""
"Maldives","2009","5.811","206",""
"Maldives","2007","8.48","285",""
"Maldives","2004","7.764","241",""
"Maldives","1996","7.829","203",""
"Maldives","1993","5.691","138",""
"Maldives","1991","4.7","108",""
"Maldives","1989","","25",""
"Mali","2010","0.09","135",""
"Mali","2009","0.081","119","2040"
"Mali","2007","0.019","26","188"
"Mali","2004","0.283","351",""
"Malta","2015","13.05","558",""
"Malta","2014","11.584","493",""
"Malta","2013","11.082","469",""
"Malta","2012","10.789","454",""
"Malta","2011","8.007","335",""
"Malta","2010","7.234","301",""
"Marshall Islands","2012","0.759","4","3"
"Marshall Islands","2010","0.382","2",""
"Marshall Islands","2007","1.152","6",""
"Mauritania","2009","0.22","77","46"
"Mauritania","2004","0.204","62","19"
"Mauritius","2015","3.946","497",""
"Mauritius","2014","3.929","494",""
"Mauritius","2013","3.664","460",""
"Mauritius","2012","3.447","432",""
"Mauritius","2011","3.261","408","966"
"Mauritius","2010","3.205","400",""
"Mauritius","2009","3.103","386",""
"Mauritius","2008","2.808","348",""
"Mauritius","2007","2.65","327",""
"Mauritius","2004","2.353","286","1142"
"Mexico","2010","0.476","5588","4887"
"Mexico","2000","","","3189"
"Micronesia (Federated States of)","2008","","","16"
"Micronesia (Federated States of)","2005","1.507","16",""
"Micronesia (Federated States of)","2003","1.873","20",""
"Monaco","2014","25.722","98",""
"Monaco","2013","12.105","46",""
"Monaco","2012","25.397","96",""
"Monaco","2011","24.8","93",""
"Mongolia","2016","9.127","2763",""
"Mongolia","2015","5.052","1504",""
"Mongolia","2014","11.803","3451",""
"Mongolia","2013","13.942","4000",""
"Mongolia","2012","5.241","1475",""
"Mongolia","2011","4.65","1284",""
"Mongolia","2010","4.335","1176",""
"Mongolia","2009","4.078","1088",""
"Mongolia","2008","4.14","1088",""
"Mongolia","2002","3.687","901","192"
"Montenegro","2015","1.735","109",""
"Montenegro","2014","1.689","106",""
"Montenegro","2013","1.674","105",""
"Montenegro","2012","1.485","93",""
"Montenegro","2011","1.471","92",""
"Montenegro","2010","1.458","91",""
"Morocco","2017","2.586","9244","240"
"Morocco","2009","2.815","9006",""
"Morocco","2004","2.39","7212","154"
"Mozambique","2017","0.074","220","1786"
"Mozambique","2013","0.039","103","1388"
"Mozambique","2012","0.028","72","1390"
"Mozambique","2011","0.022","56","1251"
"Mozambique","2010","0.02","48","1173"
"Mozambique","2009","0.022","51","1125"
"Mozambique","2006","","","817"
"Mozambique","2004","0.007","14","604"
"Myanmar","2017","0.387","2063",""
"Myanmar","2015","","","3762"
"Myanmar","2004","0.026","127",""
"Namibia","2007","1.149","239","137"
"Namibia","2004","0.966","194","94"
"Nauru","2015","1.77","2","8"
"Nauru","2011","1.961","2","8"
"Nauru","2009","","","7"
"Nauru","2004","9.901","10",""
"Nepal","2017","0.925","2711","5047"
"Nepal","2012","0.434","1200","3000"
"Nepal","2004","0.105","266","92"
"Netherlands","2016","2.154","3659",""
"Netherlands","2015","2.125","3599",""
"Netherlands","2014","2.152","3635",""
"Netherlands","2013","2.118","3566",""
"Netherlands","2012","2.051","3443",""
"Netherlands","2011","2.07","3465",""
"Netherlands","2010","1.983","3308",""
"New Zealand","2017","6.794","3197",""
"New Zealand","2016","6.752","3147",""
"New Zealand","2015","6.664","3075",""
"New Zealand","2014","6.547","2990",""
"New Zealand","2013","6.49","2932",""
"New Zealand","2012","6.404","2861",""
"New Zealand","2011","6.385","2821",""
"New Zealand","2010","6.29","2749",""
"New Zealand","2007","6.825","2889",""
"New Zealand","2001","","","1179"
"Nicaragua","2014","1.897","1141",""
"Niger","2009","0.014","22",""
"Niger","2008","0.012","19","2"
"Niger","2004","0.015","20",""
"Nigeria","2011","0.944","15377","1645"
"Nigeria","2010","0.731","11598","11948"
"Nigeria","2008","0.878","13199","5483"
"Nigeria","2007","0.901","13199","5483"
"Nigeria","2006","0.877","12503",""
"Nigeria","2005","0.869","12072",""
"Nigeria","2004","0.469","6344",""
"Niue","2008","6.25","1",""
"Niue","2006","5.882","1",""
"Niue","2004","5.882","1",""
"Niue","2003","5.556","1",""
"Niue","1996","4.762","1",""
"Norway","2017","7.994","4241",""
"Norway","2016","7.803","4100",""
"Norway","2015","7.429","3863",""
"Norway","2014","7.217","3710",""
"Norway","2013","6.906","3506",""
"Norway","2012","6.718","3367",""
"Norway","2011","6.46","3196",""
"Norway","2010","6.386","3120",""
"Oman","2017","5.274","2445","2020"
"Oman","2016","5.469","2420","2193"
"Oman","2015","5.074","2131","1970"
"Oman","2014","4.981","1973","1918"
"Oman","2013","4.828","1792","1825"
"Oman","2012","4.783","1657","1899"
"Oman","2011","4.195","1358","1692"
"Oman","2010","4.113","1251","1533"
"Oman","2009","3.77","1087","1401"
"Oman","2008","3.447","951","1271"
"Oman","2007","3.44","916","1200"
"Oman","2006","3.117","805","1028"
"Oman","2005","2.998","753","912"
"Oman","2004","2.855","698","853"
"Oman","2000","2.183","495","688"
"Oman","1999","","","452"
"Oman","1998","","","424"
"Oman","1997","","","390"
"Oman","1995","1.615","356","367"
"Oman","1990","1.363","247","186"
"Oman","1985","","193","112"
"Oman","1980","","47",""
"Oman","1975","","8",""
"Pakistan","2015","","","115900"
"Pakistan","2012","1.4","24907",""
"Pakistan","2004","0.537","8102",""
"Palau","2010","0.976","2",""
"Palau","2007","0.498","1",""
"Papua New Guinea","2012","0.476","354",""
"Paraguay","2018","0.32","221","68"
"Paraguay","2002","1.534","845","1023"
"Peru","2012","0.507","1528",""
"Peru","2009","0.628","1822",""
"Peru","2007","2.884","8160","8830"
"Philippines","2011","6.192","59000","25000"
"Philippines","2004","5.865","49667",""
"Philippines","2002","5.699","46360",""
"Poland","2016","7.657","29268",""
"Poland","2015","7.349","28121",""
"Poland","2014","7.246","27747",""
"Poland","2013","7.164","27446",""
"Poland","2012","7.005","26843",""
"Poland","2011","6.86","26290",""
"Poland","2010","6.576","25203",""
"Portugal","2016","8.473","8788",""
"Portugal","2015","8.361","8711",""
"Portugal","2014","8.264","8653",""
"Portugal","2013","7.664","8068",""
"Portugal","2012","7.318","7744",""
"Portugal","2011","7.463","7930",""
"Portugal","2010","7.204","7674",""
"Portugal","2009","10.644","11347",""
"Portugal","2008","10.072","10729",""
"Portugal","2007","9.517","10117",""
"Portugal","2006","9.52","10091",""
"Portugal","2005","8.986","9494",""
"Portugal","2004","8.616","9071",""
"Portugal","2003","8.235","8636",""
"Portugal","2002","7.624","7962",""
"Qatar","2016","10.728","2757",""
"Qatar","2014","8.996","2136",""
"Qatar","2006","10.451","1056",""
"Qatar","2005","12.718","1100",""
"Republic of Korea","2017","7.254","36980",""
"Republic of Korea","2016","6.683","33946",""
"Republic of Korea","2015","6.563","33206",""
"Republic of Korea","2014","6.479","32645",""
"Republic of Korea","2013","6.485","32537",""
"Republic of Korea","2012","6.518","32560",""
"Republic of Korea","2011","6.763","33643",""
"Republic of Korea","2010","6.488","32152",""
"Republic of Korea","2009","12.094","59717",""
"Republic of Korea","2008","11.858","58363",""
"Republic of Korea","2007","11.654","57176",""
"Republic of Korea","2006","11.421","55845",""
"Republic of Korea","2005","11.257","54829",""
"Republic of Korea","2004","11.03","53492",""
"Republic of Moldova","2013","4.668","1901",""
"Republic of Moldova","2011","4.596","1874",""
"Republic of Moldova","2010","4.355","1779",""
"Romania","2016","9.296","18385",""
"Romania","2013","8.088","16231",""
"Romania","2012","7.614","15359",""
"Romania","2011","7.14","14490","14940"
"Romania","2010","6.621","13534",""
"Romania","2002","3.348","7316","7805"
"Russian Federation","2014","0.495","7115",""
"Russian Federation","2013","0.534","7661",""
"Russian Federation","2012","0.529","7593",""
"Russian Federation","2011","0.571","8181",""
"Russian Federation","2010","0.583","8344",""
"Rwanda","2015","0.098","114",""
"Rwanda","2009","0.036","36","14"
"Rwanda","2008","0.029","28","14"
"Saint Lucia","2001","1.451","23",""
"Saint Vincent and the Grenadines","2004","3.315","36",""
"Saint Vincent and the Grenadines","2001","2.13","23",""
"Samoa","2013","0.734","14",""
"Samoa","2008","0.872","16","43"
"Samoa","2003","1.125","20",""
"San Marino","2014","6.728","22",""
"San Marino","2013","7.121","23",""
"San Marino","2012","7.21","23",""
"San Marino","2011","7.302","23",""
"Sao Tome and Principe","2004","0.132","2","22"
"Saudi Arabia","2016","7.9","25497",""
"Saudi Arabia","2014","7.031","21639",""
"Saudi Arabia","2012","5.36","15590",""
"Saudi Arabia","2011","5.424","15317",""
"Saudi Arabia","2010","5.443","14928",""
"Saudi Arabia","2009","5.605","14943",""
"Saudi Arabia","2008","6.115","15862",""
"Senegal","2016","0.11","170",""
"Senegal","2013","0.571","806","371"
"Senegal","2008","0.088","107","20"
"Senegal","2004","0.058","63","22"
"Serbia","2016","8.138","7178","5447"
"Serbia","2015","2.376","2103","2295"
"Serbia","2014","2.638","2344",""
"Serbia","2013","2.674","2385",""
"Serbia","2012","2.655","2378",""
"Serbia","2011","2.62","2356",""
"Serbia","2010","2.488","2247",""
"Serbia","2009","2.244","2034",""
"Seychelles","2016","0.331","3",""
"Seychelles","2012","0.433","4",""
"Seychelles","2011","0.545","5",""
"Seychelles","2010","0.438","4",""
"Seychelles","2009","0.44","4",""
"Seychelles","2008","0.441","4",""
"Seychelles","2007","0.443","4",""
"Seychelles","2006","0.446","4",""
"Seychelles","2005","0.789","7",""
"Seychelles","2004","0.571","5","56"
"Sierra Leone","2011","0.298","197",""
"Sierra Leone","2010","0.051","33","80"
"Sierra Leone","2008","0.028","17","175"
"Sierra Leone","2004","0.154","84","256"
"Singapore","2016","5.113","2875",""
"Singapore","2013","4.078","2186",""
"Singapore","2012","3.76","1982",""
"Singapore","2011","3.889","2013",""
"Singapore","2010","3.575","1814",""
"Singapore","2009","3.339","1658",""
"Singapore","2008","3.187","1546",""
"Singapore","2007","3.134","1483",""
"Singapore","2006","3.081","1421",""
"Singapore","2005","2.961","1330",""
"Singapore","2004","2.947","1288",""
"Singapore","2003","3.012","1280",""
"Singapore","2001","2.839","1141",""
"Singapore","1999","2.731","1043",""
"Slovakia","2015","7.034","3826","2182"
"Slovakia","2013","6.144","3333","2065"
"Slovakia","2009","5.401","2917",""
"Slovenia","2016","6.526","1356",""
"Slovenia","2015","6.242","1295",""
"Slovenia","2014","6.007","1244",""
"Slovenia","2013","5.755","1189",""
"Slovenia","2012","5.625","1159",""
"Slovenia","2011","5.508","1131",""
"Slovenia","2010","5.388","1102",""
"Solomon Islands","2016","1.236","74",""
"Solomon Islands","2013","1.331","75",""
"Solomon Islands","2012","1.106","61",""
"Solomon Islands","2011","0.815","44",""
"Solomon Islands","2005","1.128","53",""
"Solomon Islands","1999","0.697","28",""
"South Africa","2017","1.521","8624","11741"
"South Africa","2016","2.725","15267","21713"
"South Africa","2015","2.855","15784","18477"
"South Africa","2014","2.749","14994","17491"
"South Africa","2012","2.574","13642","7320"
"South Africa","2011","2.452","12813","5822"
"South Africa","2004","2.3","11097","1424"
"Spain","2016","12.119","56167",""
"Spain","2015","11.94","55400",""
"Spain","2014","11.729","54567",""
"Spain","2013","11.157","52100",""
"Spain","2012","10.5","49200",""
"Spain","2011","9.33","43767",""
"Spain","2010","9.19","43000",""
"Spain","2009","13.636","63377",""
"Spain","2008","13.589","62507",""
"Spain","2007","13.605","61758",""
"Spain","2006","13.63","60961",""
"Spain","2005","13.509","59498",""
"Spain","2004","13.39","58046",""
"Spain","2003","13.247","56501",""
"Spain","2002","13.031","54710",""
"Spain","2001","12.718","52641",""
"Spain","2000","12.409","50759",""
"Spain","1999","12.017","48717",""
"Spain","1998","11.605","46761",""
"Spain","1997","11.211","44990",""
"Spain","1996","10.803","43221",""
"Spain","1995","10.375","41387",""
"Spain","1994","10.14","40323",""
"Spain","1993","9.992","39608",""
"Spain","1992","9.797","38715",""
"Spain","1991","9.555","37648",""
"Spain","1990","9.309","36590",""
"Spain","1989","","35141",""
"Spain","1988","","33711",""
"Spain","1987","","32307",""
"Spain","1986","","31118",""
"Spain","1985","","30569",""
"Spain","1984","","28748",""
"Spain","1983","","27646",""
"Spain","1982","","26274",""
"Spain","1981","","24832",""
"Spain","1980","","23299",""
"Spain","1979","","21986",""
"Spain","1978","","20855",""
"Spain","1977","","19871",""
"Spain","1976","","19253",""
"Spain","1975","","18592",""
"Spain","1974","","17926",""
"Spain","1973","","17498",""
"Spain","1972","","16925",""
"Spain","1971","","16550",""
"Spain","1970","","15963",""
"Spain","1969","","15519",""
"Spain","1968","","14552",""
"Spain","1967","","13858",""
"Spain","1966","","13805",""
"Spain","1965","","13494",""
"Spain","1964","","13139",""
"Spain","1963","","12496",""
"Spain","1962","","12548",""
"Spain","1961","","12174",""
"Spain","1960","","11965",""
"Spain","1959","","10254",""
"Spain","1958","","10254",""
"Spain","1957","","10295",""
"Spain","1956","","10295",""
"Spain","1955","","10033",""
"Spain","1954","","10053",""
"Spain","1953","","10007",""
"Spain","1952","","9776",""
"Sri Lanka","2016","0.769","1600",""
"Sri Lanka","2015","0.726","1504",""
"Sri Lanka","2013","1.711","3512","3618"
"Sri Lanka","2007","0.447","886",""
"Sri Lanka","2004","0.468","907",""
"Sri Lanka","1993","0.317","568",""
"Sudan","2015","4.4","17005",""
"Sudan","2008","0.117","386",""
"Sudan","2007","0.117","377",""
"Sudan","2006","0.484","1531",""
"Sudan","2004","0.443","1336","2222"
"Suriname","2017","0.444","25","10"
"Suriname","2009","0.595","31",""
"Sweden","2015","7.607","7427",""
"Sweden","2014","7.603","7367",""
"Sweden","2013","7.558","7267",""
"Sweden","2012","7.61","7261",""
"Sweden","2011","7.688","7277",""
"Sweden","2010","7.598","7135",""
"Switzerland","2015","5.406","4498",""
"Switzerland","2014","5.43","4469",""
"Switzerland","2013","5.383","4378",""
"Switzerland","2012","5.416","4350",""
"Switzerland","2011","5.307","4209",""
"Switzerland","2010","5.401","4230",""
"Syrian Arab Republic","2016","10.1","18614",""
"Syrian Arab Republic","2014","14.433","27715",""
"Syrian Arab Republic","2010","7.876","16554",""
"Syrian Arab Republic","2009","8.241","17162",""
"Syrian Arab Republic","2008","8.157","16579",""
"Syrian Arab Republic","2007","6.617","12992",""
"Syrian Arab Republic","2005","7.225","13218",""
"Syrian Arab Republic","2004","7.146","12724",""
"Syrian Arab Republic","2003","6.207","10809",""
"Syrian Arab Republic","2002","5.884","10055",""
"Syrian Arab Republic","2000","5.404","8868",""
"Syrian Arab Republic","1999","5.113","8189",""
"Syrian Arab Republic","1998","5.086","7936",""
"Syrian Arab Republic","1997","4.773","7244",""
"Tajikistan","2003","1.034","680",""
"Thailand","2017","4.186","28896",""
"Thailand","2016","5.194","35767","8004"
"Thailand","2015","1.781","12231",""
"Thailand","2010","1.294","8700",""
"Thailand","2009","1.254","8390",""
"Thailand","2008","1.287","8565",""
"Thailand","2007","1.199","7940",""
"Thailand","2006","1.206","7937",""
"Thailand","2004","1.14","7413",""
"Thailand","2002","1.147","7350",""
"Thailand","2001","1.079","6858",""
"Thailand","1999","0.973","6062",""
"Thailand","1998","0.96","5911",""
"Thailand","1997","0.976","5941",""
"Thailand","1995","0.986","5867",""
"Thailand","1993","0.809","4721",""
"Thailand","1991","0.757","4333",""
"Thailand","1989","","3825",""
"Thailand","1987","","3622",""
"Thailand","1985","","3376",""
"Thailand","1983","","2990",""
"Thailand","1981","","2680",""
"Thailand","1979","","2496",""
"Thailand","1977","","2236",""
"Thailand","1975","","1913",""
"Thailand","1973","","1627",""
"Thailand","1971","","1577",""
"Republic of North Macedonia","2015","4.949","1029",""
"Republic of North Macedonia","2013","4.48","930",""
"Republic of North Macedonia","2012","4.282","888",""
"Republic of North Macedonia","2011","3.773","782",""
"Republic of North Macedonia","2010","3.342","692",""
"Timor-Leste","2015","0.081","10","160"
"Timor-Leste","2014","0.066","8","128"
"Timor-Leste","2011","0.133","15","116"
"Timor-Leste","2010","0.135","15","115"
"Timor-Leste","2009","0.073","8","53"
"Timor-Leste","2008","0.037","4","44"
"Timor-Leste","2007","0.038","4","20"
"Timor-Leste","2004","0.01","1","13"
"Togo","2015","0.023","17","0"
"Togo","2010","","","53"
"Togo","2008","0.018","11",""
"Togo","2007","0.018","11","2"
"Togo","2004","0.089","49","85"
"Tonga","2013","0.38","4","23"
"Tonga","2012","0.857","9",""
"Tonga","2010","0.384","4",""
"Tonga","2009","0.386","4","11"
"Tonga","2001","1.724","17",""
"Trinidad and Tobago","2016","5.056","690",""
"Trinidad and Tobago","2011","4.87","650",""
"Trinidad and Tobago","2010","4.826","641",""
"Trinidad and Tobago","2009","4.812","636",""
"Trinidad and Tobago","2007","4.896","641",""
"Trinidad and Tobago","2006","4.336","565",""
"Trinidad and Tobago","2003","4.089","525",""
"Trinidad and Tobago","2002","3.921","501",""
"Trinidad and Tobago","2001","3.977","506",""
"Trinidad and Tobago","2000","4.338","550",""
"Trinidad and Tobago","1999","3.953","500",""
"Trinidad and Tobago","1998","4.198","530",""
"Trinidad and Tobago","1997","4.109","518",""
"Trinidad and Tobago","1996","4.085","514",""
"Trinidad and Tobago","1995","4.255","534",""
"Tunisia","2016","2.274","2593",""
"Tunisia","2015","2.299","2592",""
"Tunisia","2010","3.041","3236",""
"Tunisia","2006","2.212","2255",""
"Tunisia","2005","2.093","2114",""
"Tunisia","2004","2.774","2779","130"
"Tunisia","2002","2.078","2050",""
"Tunisia","2001","2.042","1998",""
"Tunisia","2000","2.012","1951",""
"Tunisia","1999","1.76","1690",""
"Tunisia","1998","1.709","1623",""
"Tunisia","1997","1.67","1567",""
"Tunisia","1996","1.654","1531",""
"Tunisia","1995","1.645","1499",""
"Tunisia","1994","1.582","1417",""
"Tunisia","1993","1.506","1323",""
"Tunisia","1992","1.546","1330",""
"Tunisia","1991","1.549","1304",""
"Tunisia","1990","1.506","1240",""
"Turkey","2015","3.517","27530",""
"Turkey","2014","3.531","27199",""
"Turkey","2013","3.564","27012",""
"Turkey","2012","3.563","26571",""
"Turkey","2011","3.554","26089",""
"Turkey","2010","3.665","26506",""
"Turkey","2009","3.533","25201",""
"Turkey","2008","3.518","24778",""
"Turkey","2007","3.445","23977",""
"Turkey","2006","3.365","23140",""
"Turkey","2005","3.351","22756",""
"Turkey","2004","3.374","22608",""
"Turkey","2003","3.385","22371",""
"Turkey","2002","3.422","22289",""
"Turkey","2001","3.446","22119",""
"Turkey","2000","3.467","21927",""
"Turkey","1999","3.542","22065",""
"Turkey","1998","3.496","21441",""
"Turkey","1997","3.405","20557",""
"Turkey","1996","3.312","19681",""
"Turkey","1995","3.264","19090",""
"Turkey","1994","3.191","18366",""
"Turkey","1993","3.124","17696",""
"Turkey","1992","2.976","16593",""
"Turkey","1991","2.918","16002",""
"Turkey","1990","2.929","15792",""
"Turkey","1989","","15201",""
"Turkey","1988","","14567",""
"Turkey","1987","","13668",""
"Turkey","1986","","12866",""
"Turkey","1985","","11602",""
"Turkey","1984","","11586",""
"Turkey","1983","","11527",""
"Turkey","1982","","11428",""
"Turkey","1981","","11610",""
"Turkey","1980","","12059",""
"Turkey","1979","","11865",""
"Turkey","1978","","11280",""
"Turkey","1977","","10572",""
"Turkey","1976","","7828",""
"Turkey","1975","","7002",""
"Turkey","1974","","4715",""
"Turkey","1973","","4781",""
"Turkey","1972","","3981",""
"Turkey","1971","","3477",""
"Turkey","1970","","3011",""
"Turkmenistan","2014","1.694","926",""
"Turkmenistan","2013","1.688","906",""
"Turkmenistan","2012","1.688","889",""
"Turkmenistan","2011","1.714","887",""
"Turkmenistan","2010","1.824","928",""
"Turkmenistan","2002","3.527","1626",""
"Tuvalu","2014","2.752","3",""
"Tuvalu","2008","0.971","1","1"
"Tuvalu","2003","2.041","2",""
"Tuvalu","2002","1.042","1",""
"Uganda","2015","0.011","45",""
"Uganda","2012","0.151","550","650"
"Uganda","2005","0.057","162","600"
"Uganda","2004","0.078","215","473"
"Ukraine","2014","0.339","1521",""
"Ukraine","2013","0.414","1870",""
"Ukraine","2012","0.395","1793",""
"Ukraine","2011","0.385","1753",""
"Ukraine","2010","0.397","1818",""
"United Arab Emirates","2016","7.412","6871",""
"United Arab Emirates","2015","5.732","5247",""
"United Arab Emirates","2014","6.182","5608",""
"United Arab Emirates","2013","4.198","3781",""
"United Arab Emirates","2012","1.982","1764",""
"United Arab Emirates","2010","1.847","1528",""
"United Arab Emirates","2009","6.759","5182",""
"United Arab Emirates","2008","4.498","3101",""
"United Arab Emirates","2007","5.579","3372",""
"United Arab Emirates","2006","6.948","3642",""
"United Arab Emirates","2005","6.092","2790",""
"United Arab Emirates","2004","4.907","2006",""
"United Arab Emirates","2003","4.883","1827",""
"United Arab Emirates","2002","4.599","1613",""
"United Arab Emirates","2001","4.549","1513",""
"United Arab Emirates","2000","4.339","1369",""
"United Kingdom of Great Britain and Northern Ireland","2017","8.803","58261",""
"United Kingdom of Great Britain and Northern Ireland","2016","8.594","56542",""
"United Kingdom of Great Britain and Northern Ireland","2015","8.315","54380",""
"United Kingdom of Great Britain and Northern Ireland","2014","8.192","53261",""
"United Kingdom of Great Britain and Northern Ireland","2013","7.938","51315",""
"United Kingdom of Great Britain and Northern Ireland","2012","7.74","49731",""
"United Kingdom of Great Britain and Northern Ireland","2011","7.529","48042",""
"United Kingdom of Great Britain and Northern Ireland","2010","6.42","40641",""
"United Kingdom of Great Britain and Northern Ireland","1997","5.095","29726",""
"United Republic of Tanzania","2014","0.135","707","1132"
"United Republic of Tanzania","2012","0.069","339","317"
"United Republic of Tanzania","2002","0.031","111","254"
"United States of America","2015","10.515","336398",""
"United States of America","2010","9.26","285794","53439"
"United States of America","2005","8.785","259259",""
"United States of America","2000","8.853","249642",""
"Uruguay","2016","","","492"
"Uruguay","2008","","","1035"
"Uzbekistan","2014","0.408","1243",""
"Uzbekistan","2013","0.375","1127",""
"Uzbekistan","2012","0.378","1118",""
"Uzbekistan","2011","0.372","1080",""
"Uzbekistan","2010","0.375","1074",""
"Vanuatu","2012","1.172","29",""
"Vanuatu","2008","0.089","2",""
"Viet Nam","2016","3.354","31719","1278"
"Viet Nam","2015","3.37","31535","1751"
"Viet Nam","2014","3.364","31134","1806"
"Viet Nam","2012","4.498","40684","7494"
"Viet Nam","2010","2.656","23494","7193"
"Viet Nam","2009","2.465","21583","8132"
"Viet Nam","2008","2.278","19751","8619"
"Viet Nam","2007","2.103","18064","8545"
"Viet Nam","2006","1.911","16265","7884"
"Viet Nam","2005","1.79","15090","8128"
"Viet Nam","2002","2.938","24080",""
"Viet Nam","2001","0.737","5977",""
"Yemen","2014","1.035","2716","3310"
"Yemen","2010","0.428","1010","1285"
"Yemen","2004","0.462","925","1713"
"Yemen","1997","0.358","588","624"
"Zambia","2016","0.699","1159",""
"Zambia","2012","0.278","409","814"
"Zambia","2011","0.252","360","722"
"Zambia","2010","0.229","317",""
"Zambia","2009","0.227","306",""
"Zimbabwe","2014","0.254","392",""
"Zimbabwe","2013","0.262","394",""
"Zimbabwe","2012","0.257","378",""
"Zimbabwe","2009","0.491","678","1850"
"Zimbabwe","2004","0.473","605","278"
"Zimbabwe","1995","0.441","499","204"
"Zimbabwe","1990","0.341","347","159"
"Zimbabwe","1985","","285","91"
